-- Dữ liệu mẫu cho Oracle (tiếng Việt)
-- Bấm chạy toàn bộ script SQL này trong Oracle SQL Developer

-- 1. NguoiDung
-- truncate table NguoiDung
INSERT INTO NguoiDung (ma_nguoi_dung, ho_ten, email, sdt, ngay_sinh) VALUES (1, 'Nguyễn Khoa', 'nguyen.khoa29@gmail.com', '0523756669', TO_DATE('1995-07-02','YYYY-MM-DD'));
INSERT INTO NguoiDung (ma_nguoi_dung, ho_ten, email, sdt, ngay_sinh) VALUES (2, 'Võ Nhi', 'vo.nhi5@yahoo.com', '0322575562', TO_DATE('1981-05-08','YYYY-MM-DD'));
INSERT INTO NguoiDung (ma_nguoi_dung, ho_ten, email, sdt, ngay_sinh) VALUES (3, 'Võ Thanh Hiếu', 'vo.thanh.hieu92@gmail.com', '0966306997', TO_DATE('1982-08-30','YYYY-MM-DD'));
INSERT INTO NguoiDung (ma_nguoi_dung, ho_ten, email, sdt, ngay_sinh) VALUES (4, 'Đặng Ngọc Khánh', 'dang.ngoc.khanh98@gmail.com', '0566722344', TO_DATE('1968-11-04','YYYY-MM-DD'));
INSERT INTO NguoiDung (ma_nguoi_dung, ho_ten, email, sdt, ngay_sinh) VALUES (5, 'Lê Minh Khánh', 'le.minh.khanh12@gmail.com', '0822981052', TO_DATE('1992-09-27','YYYY-MM-DD'));
INSERT INTO NguoiDung (ma_nguoi_dung, ho_ten, email, sdt, ngay_sinh) VALUES (6, 'Huỳnh Thanh Nam', 'huynh.thanh.nam94@gmail.com', '0881971316', TO_DATE('1971-08-20','YYYY-MM-DD'));
INSERT INTO NguoiDung (ma_nguoi_dung, ho_ten, email, sdt, ngay_sinh) VALUES (7, 'Phan Hữu Hạnh', 'phan.huu.hanh80@outlook.com', '0787490893', TO_DATE('1994-09-08','YYYY-MM-DD'));
INSERT INTO NguoiDung (ma_nguoi_dung, ho_ten, email, sdt, ngay_sinh) VALUES (8, 'Trần Văn Tâm', 'tran.van.tam11@yahoo.com', '0523556182', TO_DATE('1997-08-13','YYYY-MM-DD'));
INSERT INTO NguoiDung (ma_nguoi_dung, ho_ten, email, sdt, ngay_sinh) VALUES (9, 'Vũ Hải Hòa', 'vu.hai.hoa48@gmail.com', '0738119557', TO_DATE('1991-06-22','YYYY-MM-DD'));
INSERT INTO NguoiDung (ma_nguoi_dung, ho_ten, email, sdt, ngay_sinh) VALUES (10, 'Đỗ Tâm', 'do.tam78@gmail.com', '0581691040', TO_DATE('1978-10-08','YYYY-MM-DD'));
INSERT INTO NguoiDung (ma_nguoi_dung, ho_ten, email, sdt, ngay_sinh) VALUES (11, 'Lê Tú', 'le.tu82@yahoo.com', '0939476249', TO_DATE('1990-10-26','YYYY-MM-DD'));
INSERT INTO NguoiDung (ma_nguoi_dung, ho_ten, email, sdt, ngay_sinh) VALUES (12, 'Dương Khánh', 'duong.khanh30@gmail.com', '0352339391', TO_DATE('1973-01-11','YYYY-MM-DD'));
INSERT INTO NguoiDung (ma_nguoi_dung, ho_ten, email, sdt, ngay_sinh) VALUES (13, 'Trần Minh Dương', 'tran.minh.duong41@outlook.com', '0597971488', TO_DATE('1968-07-11','YYYY-MM-DD'));
INSERT INTO NguoiDung (ma_nguoi_dung, ho_ten, email, sdt, ngay_sinh) VALUES (14, 'Bùi Thùy Trang', 'bui.thuy.trang32@gmail.com', '0982340307', TO_DATE('1995-12-16','YYYY-MM-DD'));
INSERT INTO NguoiDung (ma_nguoi_dung, ho_ten, email, sdt, ngay_sinh) VALUES (15, 'Đặng Thu Dương', 'dang.thu.duong29@yahoo.com', '0578387461', TO_DATE('1989-12-03','YYYY-MM-DD'));
INSERT INTO NguoiDung (ma_nguoi_dung, ho_ten, email, sdt, ngay_sinh) VALUES (16, 'Ngô Văn Hòa', 'ngo.van.hoa81@gmail.com', '0566661351', TO_DATE('2002-12-02','YYYY-MM-DD'));
INSERT INTO NguoiDung (ma_nguoi_dung, ho_ten, email, sdt, ngay_sinh) VALUES (17, 'Phan Linh', 'phan.linh68@yahoo.com', '0784252722', TO_DATE('1981-02-08','YYYY-MM-DD'));
INSERT INTO NguoiDung (ma_nguoi_dung, ho_ten, email, sdt, ngay_sinh) VALUES (18, 'Nguyễn Tâm', 'nguyen.tam88@gmail.com', '0945812670', TO_DATE('1975-07-05','YYYY-MM-DD'));
INSERT INTO NguoiDung (ma_nguoi_dung, ho_ten, email, sdt, ngay_sinh) VALUES (19, 'Huỳnh Nhi', 'huynh.nhi21@yahoo.com', '0810435578', TO_DATE('1994-09-03','YYYY-MM-DD'));
INSERT INTO NguoiDung (ma_nguoi_dung, ho_ten, email, sdt, ngay_sinh) VALUES (20, 'Đỗ Nam', 'do.nam65@gmail.com', '0393926371', TO_DATE('1985-05-20','YYYY-MM-DD'));
INSERT INTO NguoiDung (ma_nguoi_dung, ho_ten, email, sdt, ngay_sinh) VALUES (21, 'Bùi Quang Dương', 'bui.quang.duong48@gmail.com', '0582394227', TO_DATE('1998-12-01','YYYY-MM-DD'));
INSERT INTO NguoiDung (ma_nguoi_dung, ho_ten, email, sdt, ngay_sinh) VALUES (22, 'Võ Hiếu', 'vo.hieu63@yahoo.com', '0325014631', TO_DATE('1980-12-20','YYYY-MM-DD'));
INSERT INTO NguoiDung (ma_nguoi_dung, ho_ten, email, sdt, ngay_sinh) VALUES (23, 'Dương Khánh', 'duong.khanh8@gmail.com', '0586149359', TO_DATE('1994-01-16','YYYY-MM-DD'));
INSERT INTO NguoiDung (ma_nguoi_dung, ho_ten, email, sdt, ngay_sinh) VALUES (24, 'Trần Khoa', 'tran.khoa98@gmail.com', '0926879290', TO_DATE('1986-01-14','YYYY-MM-DD'));
INSERT INTO NguoiDung (ma_nguoi_dung, ho_ten, email, sdt, ngay_sinh) VALUES (25, 'Vũ Quang Trang', 'vu.quang.trang78@outlook.com', '0838427073', TO_DATE('1995-12-13','YYYY-MM-DD'));
INSERT INTO NguoiDung (ma_nguoi_dung, ho_ten, email, sdt, ngay_sinh) VALUES (26, 'Ngô Khoa', 'ngo.khoa92@gmail.com', '0763551839', TO_DATE('1976-11-22','YYYY-MM-DD'));
INSERT INTO NguoiDung (ma_nguoi_dung, ho_ten, email, sdt, ngay_sinh) VALUES (27, 'Bùi Hằng', 'bui.hang58@outlook.com', '0343273328', TO_DATE('1988-03-09','YYYY-MM-DD'));
INSERT INTO NguoiDung (ma_nguoi_dung, ho_ten, email, sdt, ngay_sinh) VALUES (28, 'Huỳnh Văn Dương', 'huynh.van.duong76@gmail.com', '0510965138', TO_DATE('1982-12-28','YYYY-MM-DD'));
INSERT INTO NguoiDung (ma_nguoi_dung, ho_ten, email, sdt, ngay_sinh) VALUES (29, 'Bùi Văn Huy', 'bui.van.huy43@gmail.com', '0379008866', TO_DATE('2004-10-24','YYYY-MM-DD'));
INSERT INTO NguoiDung (ma_nguoi_dung, ho_ten, email, sdt, ngay_sinh) VALUES (30, 'Bùi Thùy Huy', 'bui.thuy.huy93@gmail.com', '0987337818', TO_DATE('1983-08-26','YYYY-MM-DD'));
INSERT INTO NguoiDung (ma_nguoi_dung, ho_ten, email, sdt, ngay_sinh) VALUES (31, 'Ngô Thùy Khánh', 'ngo.thuy.khanh13@gmail.com', '0398447167', TO_DATE('1989-07-30','YYYY-MM-DD'));
INSERT INTO NguoiDung (ma_nguoi_dung, ho_ten, email, sdt, ngay_sinh) VALUES (32, 'Phan Thu Tú', 'phan.thu.tu7@outlook.com', '0318135295', TO_DATE('1969-02-01','YYYY-MM-DD'));
INSERT INTO NguoiDung (ma_nguoi_dung, ho_ten, email, sdt, ngay_sinh) VALUES (33, 'Huỳnh Bảo Hòa', 'huynh.bao.hoa25@gmail.com', '0581979055', TO_DATE('2002-12-08','YYYY-MM-DD'));
INSERT INTO NguoiDung (ma_nguoi_dung, ho_ten, email, sdt, ngay_sinh) VALUES (34, 'Phan Đức Nam', 'phan.duc.nam10@gmail.com', '0883863413', TO_DATE('1987-02-01','YYYY-MM-DD'));
INSERT INTO NguoiDung (ma_nguoi_dung, ho_ten, email, sdt, ngay_sinh) VALUES (35, 'Bùi Quang Hòa', 'bui.quang.hoa97@gmail.com', '0532321899', TO_DATE('2007-03-06','YYYY-MM-DD'));
INSERT INTO NguoiDung (ma_nguoi_dung, ho_ten, email, sdt, ngay_sinh) VALUES (36, 'Vũ Minh Hòa', 'vu.minh.hoa22@gmail.com', '0810289289', TO_DATE('1989-11-06','YYYY-MM-DD'));
INSERT INTO NguoiDung (ma_nguoi_dung, ho_ten, email, sdt, ngay_sinh) VALUES (37, 'Hoàng Khánh', 'hoang.khanh37@yahoo.com', '0884593961', TO_DATE('1972-08-14','YYYY-MM-DD'));
INSERT INTO NguoiDung (ma_nguoi_dung, ho_ten, email, sdt, ngay_sinh) VALUES (38, 'Vũ Trang', 'vu.trang28@yahoo.com', '0387736262', TO_DATE('1999-04-27','YYYY-MM-DD'));
INSERT INTO NguoiDung (ma_nguoi_dung, ho_ten, email, sdt, ngay_sinh) VALUES (39, 'Nguyễn Khoa', 'nguyen.khoa7@gmail.com', '0973993471', TO_DATE('1993-10-08','YYYY-MM-DD'));
INSERT INTO NguoiDung (ma_nguoi_dung, ho_ten, email, sdt, ngay_sinh) VALUES (40, 'Dương Hạnh', 'duong.hanh66@gmail.com', '0334941004', TO_DATE('2000-10-10','YYYY-MM-DD'));
INSERT INTO NguoiDung (ma_nguoi_dung, ho_ten, email, sdt, ngay_sinh) VALUES (41, 'Trần Hải Hòa', 'tran.hai.hoa16@yahoo.com', '0943046464', TO_DATE('1997-04-15','YYYY-MM-DD'));
INSERT INTO NguoiDung (ma_nguoi_dung, ho_ten, email, sdt, ngay_sinh) VALUES (42, 'Nguyễn Dương', 'nguyen.duong85@yahoo.com', '0985863473', TO_DATE('2004-02-28','YYYY-MM-DD'));
INSERT INTO NguoiDung (ma_nguoi_dung, ho_ten, email, sdt, ngay_sinh) VALUES (43, 'Hoàng Huy', 'hoang.huy41@outlook.com', '0545650176', TO_DATE('1977-10-18','YYYY-MM-DD'));
INSERT INTO NguoiDung (ma_nguoi_dung, ho_ten, email, sdt, ngay_sinh) VALUES (44, 'Bùi Hải Nam', 'bui.hai.nam97@yahoo.com', '0311250299', TO_DATE('1987-04-30','YYYY-MM-DD'));
INSERT INTO NguoiDung (ma_nguoi_dung, ho_ten, email, sdt, ngay_sinh) VALUES (45, 'Đặng Hữu Nhi', 'dang.huu.nhi65@gmail.com', '0727778019', TO_DATE('1983-09-21','YYYY-MM-DD'));
INSERT INTO NguoiDung (ma_nguoi_dung, ho_ten, email, sdt, ngay_sinh) VALUES (46, 'Trần Huy', 'tran.huy21@yahoo.com', '0882909480', TO_DATE('1991-04-06','YYYY-MM-DD'));
INSERT INTO NguoiDung (ma_nguoi_dung, ho_ten, email, sdt, ngay_sinh) VALUES (47, 'Đặng Khánh', 'dang.khanh2@outlook.com', '0950181935', TO_DATE('1978-07-03','YYYY-MM-DD'));
INSERT INTO NguoiDung (ma_nguoi_dung, ho_ten, email, sdt, ngay_sinh) VALUES (48, 'Trần Trang', 'tran.trang14@gmail.com', '0930863865', TO_DATE('1995-12-22','YYYY-MM-DD'));
INSERT INTO NguoiDung (ma_nguoi_dung, ho_ten, email, sdt, ngay_sinh) VALUES (49, 'Đặng Minh Khoa', 'dang.minh.khoa88@gmail.com', '0777834855', TO_DATE('1992-06-16','YYYY-MM-DD'));
INSERT INTO NguoiDung (ma_nguoi_dung, ho_ten, email, sdt, ngay_sinh) VALUES (50, 'Dương Văn Nhi', 'duong.van.nhi36@yahoo.com', '0310475894', TO_DATE('1979-05-21','YYYY-MM-DD'));
INSERT INTO NguoiDung (ma_nguoi_dung, ho_ten, email, sdt, ngay_sinh) VALUES (51, 'Lê Hải Nam', 'le.hai.nam57@outlook.com', '0967403166', TO_DATE('2000-08-03','YYYY-MM-DD'));
INSERT INTO NguoiDung (ma_nguoi_dung, ho_ten, email, sdt, ngay_sinh) VALUES (52, 'Trần Nhi', 'tran.nhi20@outlook.com', '0914835614', TO_DATE('1968-03-23','YYYY-MM-DD'));
INSERT INTO NguoiDung (ma_nguoi_dung, ho_ten, email, sdt, ngay_sinh) VALUES (53, 'Đặng Hạnh', 'dang.hanh17@yahoo.com', '0351373735', TO_DATE('2001-03-12','YYYY-MM-DD'));
INSERT INTO NguoiDung (ma_nguoi_dung, ho_ten, email, sdt, ngay_sinh) VALUES (54, 'Ngô Kim Hiếu', 'ngo.kim.hieu27@yahoo.com', '0599514287', TO_DATE('1967-07-08','YYYY-MM-DD'));
INSERT INTO NguoiDung (ma_nguoi_dung, ho_ten, email, sdt, ngay_sinh) VALUES (55, 'Ngô Quang Hòa', 'ngo.quang.hoa96@outlook.com', '0541774346', TO_DATE('1989-08-10','YYYY-MM-DD'));
INSERT INTO NguoiDung (ma_nguoi_dung, ho_ten, email, sdt, ngay_sinh) VALUES (56, 'Ngô Khánh', 'ngo.khanh4@yahoo.com', '0554585178', TO_DATE('1999-11-24','YYYY-MM-DD'));
INSERT INTO NguoiDung (ma_nguoi_dung, ho_ten, email, sdt, ngay_sinh) VALUES (57, 'Phan Khánh', 'phan.khanh32@outlook.com', '0731367172', TO_DATE('1977-10-15','YYYY-MM-DD'));
INSERT INTO NguoiDung (ma_nguoi_dung, ho_ten, email, sdt, ngay_sinh) VALUES (58, 'Trần Linh', 'tran.linh61@gmail.com', '0536786211', TO_DATE('1968-09-18','YYYY-MM-DD'));
INSERT INTO NguoiDung (ma_nguoi_dung, ho_ten, email, sdt, ngay_sinh) VALUES (59, 'Vũ Hằng', 'vu.hang29@gmail.com', '0398588154', TO_DATE('1994-02-23','YYYY-MM-DD'));
INSERT INTO NguoiDung (ma_nguoi_dung, ho_ten, email, sdt, ngay_sinh) VALUES (60, 'Huỳnh Ngọc Hòa', 'huynh.ngoc.hoa45@yahoo.com', '0963643924', TO_DATE('2004-09-21','YYYY-MM-DD'));
INSERT INTO NguoiDung (ma_nguoi_dung, ho_ten, email, sdt, ngay_sinh) VALUES (61, 'Dương Hạnh', 'duong.hanh15@gmail.com', '0733966966', TO_DATE('1992-12-25','YYYY-MM-DD'));
INSERT INTO NguoiDung (ma_nguoi_dung, ho_ten, email, sdt, ngay_sinh) VALUES (62, 'Hoàng Hiếu', 'hoang.hieu56@outlook.com', '0752101056', TO_DATE('2002-12-22','YYYY-MM-DD'));
INSERT INTO NguoiDung (ma_nguoi_dung, ho_ten, email, sdt, ngay_sinh) VALUES (63, 'Võ Hữu Linh', 'vo.huu.linh25@outlook.com', '0715957459', TO_DATE('1967-06-28','YYYY-MM-DD'));
INSERT INTO NguoiDung (ma_nguoi_dung, ho_ten, email, sdt, ngay_sinh) VALUES (64, 'Nguyễn Hạnh', 'nguyen.hanh88@outlook.com', '0558884978', TO_DATE('1966-04-27','YYYY-MM-DD'));
INSERT INTO NguoiDung (ma_nguoi_dung, ho_ten, email, sdt, ngay_sinh) VALUES (65, 'Bùi Thị Dương', 'bui.thi.duong16@outlook.com', '0778064830', TO_DATE('1993-10-03','YYYY-MM-DD'));
INSERT INTO NguoiDung (ma_nguoi_dung, ho_ten, email, sdt, ngay_sinh) VALUES (66, 'Phan Thị Linh', 'phan.thi.linh71@yahoo.com', '0535748341', TO_DATE('1976-07-24','YYYY-MM-DD'));
INSERT INTO NguoiDung (ma_nguoi_dung, ho_ten, email, sdt, ngay_sinh) VALUES (67, 'Phan Hải Khoa', 'phan.hai.khoa79@gmail.com', '0950392808', TO_DATE('1967-05-05','YYYY-MM-DD'));
INSERT INTO NguoiDung (ma_nguoi_dung, ho_ten, email, sdt, ngay_sinh) VALUES (68, 'Dương Văn Nam', 'duong.van.nam56@gmail.com', '0991424737', TO_DATE('1994-12-20','YYYY-MM-DD'));
INSERT INTO NguoiDung (ma_nguoi_dung, ho_ten, email, sdt, ngay_sinh) VALUES (69, 'Vũ Tú', 'vu.tu28@outlook.com', '0973509974', TO_DATE('1988-01-02','YYYY-MM-DD'));
INSERT INTO NguoiDung (ma_nguoi_dung, ho_ten, email, sdt, ngay_sinh) VALUES (70, 'Ngô Khoa', 'ngo.khoa11@outlook.com', '0779182797', TO_DATE('2000-03-23','YYYY-MM-DD'));
INSERT INTO NguoiDung (ma_nguoi_dung, ho_ten, email, sdt, ngay_sinh) VALUES (71, 'Đặng Hằng', 'dang.hang87@gmail.com', '0740150759', TO_DATE('2003-08-25','YYYY-MM-DD'));
INSERT INTO NguoiDung (ma_nguoi_dung, ho_ten, email, sdt, ngay_sinh) VALUES (72, 'Lê Hiếu', 'le.hieu61@gmail.com', '0919774839', TO_DATE('2005-10-06','YYYY-MM-DD'));
INSERT INTO NguoiDung (ma_nguoi_dung, ho_ten, email, sdt, ngay_sinh) VALUES (73, 'Bùi Thanh Huy', 'bui.thanh.huy50@outlook.com', '0863640499', TO_DATE('1975-08-13','YYYY-MM-DD'));
INSERT INTO NguoiDung (ma_nguoi_dung, ho_ten, email, sdt, ngay_sinh) VALUES (74, 'Bùi Anh Hiếu', 'bui.anh.hieu55@gmail.com', '0533607110', TO_DATE('1967-10-18','YYYY-MM-DD'));
INSERT INTO NguoiDung (ma_nguoi_dung, ho_ten, email, sdt, ngay_sinh) VALUES (75, 'Đỗ Hạnh', 'do.hanh72@gmail.com', '0526288475', TO_DATE('1986-12-31','YYYY-MM-DD'));
INSERT INTO NguoiDung (ma_nguoi_dung, ho_ten, email, sdt, ngay_sinh) VALUES (76, 'Ngô Thùy Tâm', 'ngo.thuy.tam77@outlook.com', '0769401199', TO_DATE('1984-01-05','YYYY-MM-DD'));
INSERT INTO NguoiDung (ma_nguoi_dung, ho_ten, email, sdt, ngay_sinh) VALUES (77, 'Đỗ Hạnh', 'do.hanh58@outlook.com', '0573709724', TO_DATE('1988-09-11','YYYY-MM-DD'));
INSERT INTO NguoiDung (ma_nguoi_dung, ho_ten, email, sdt, ngay_sinh) VALUES (78, 'Ngô Minh Hòa', 'ngo.minh.hoa99@yahoo.com', '0975041510', TO_DATE('1979-03-27','YYYY-MM-DD'));
INSERT INTO NguoiDung (ma_nguoi_dung, ho_ten, email, sdt, ngay_sinh) VALUES (79, 'Hoàng Tú', 'hoang.tu37@outlook.com', '0546468984', TO_DATE('2004-05-12','YYYY-MM-DD'));
INSERT INTO NguoiDung (ma_nguoi_dung, ho_ten, email, sdt, ngay_sinh) VALUES (80, 'Võ Hữu Trang', 'vo.huu.trang50@gmail.com', '0538716269', TO_DATE('2001-01-26','YYYY-MM-DD'));
INSERT INTO NguoiDung (ma_nguoi_dung, ho_ten, email, sdt, ngay_sinh) VALUES (81, 'Phan Thị Hạnh', 'phan.thi.hanh8@yahoo.com', '0566390708', TO_DATE('1986-12-09','YYYY-MM-DD'));
INSERT INTO NguoiDung (ma_nguoi_dung, ho_ten, email, sdt, ngay_sinh) VALUES (82, 'Ngô Thanh Khoa', 'ngo.thanh.khoa49@outlook.com', '0810791358', TO_DATE('2006-12-17','YYYY-MM-DD'));
INSERT INTO NguoiDung (ma_nguoi_dung, ho_ten, email, sdt, ngay_sinh) VALUES (83, 'Hoàng Khánh', 'hoang.khanh69@yahoo.com', '0990967191', TO_DATE('1990-05-06','YYYY-MM-DD'));
INSERT INTO NguoiDung (ma_nguoi_dung, ho_ten, email, sdt, ngay_sinh) VALUES (84, 'Vũ Huy', 'vu.huy63@yahoo.com', '0362191530', TO_DATE('1995-08-06','YYYY-MM-DD'));
INSERT INTO NguoiDung (ma_nguoi_dung, ho_ten, email, sdt, ngay_sinh) VALUES (85, 'Bùi Bảo Linh', 'bui.bao.linh60@gmail.com', '0593517915', TO_DATE('1975-05-10','YYYY-MM-DD'));
INSERT INTO NguoiDung (ma_nguoi_dung, ho_ten, email, sdt, ngay_sinh) VALUES (86, 'Phan Dương', 'phan.duong4@outlook.com', '0396268397', TO_DATE('1982-07-10','YYYY-MM-DD'));
INSERT INTO NguoiDung (ma_nguoi_dung, ho_ten, email, sdt, ngay_sinh) VALUES (87, 'Dương Thùy Trang', 'duong.thuy.trang49@yahoo.com', '0738408562', TO_DATE('2005-08-01','YYYY-MM-DD'));
INSERT INTO NguoiDung (ma_nguoi_dung, ho_ten, email, sdt, ngay_sinh) VALUES (88, 'Huỳnh Bảo Linh', 'huynh.bao.linh33@yahoo.com', '0373123515', TO_DATE('1995-05-11','YYYY-MM-DD'));
INSERT INTO NguoiDung (ma_nguoi_dung, ho_ten, email, sdt, ngay_sinh) VALUES (89, 'Võ Văn Hằng', 'vo.van.hang9@outlook.com', '0314164775', TO_DATE('1997-10-12','YYYY-MM-DD'));
INSERT INTO NguoiDung (ma_nguoi_dung, ho_ten, email, sdt, ngay_sinh) VALUES (90, 'Phạm Hòa', 'pham.hoa20@outlook.com', '0526941092', TO_DATE('2006-12-04','YYYY-MM-DD'));
INSERT INTO NguoiDung (ma_nguoi_dung, ho_ten, email, sdt, ngay_sinh) VALUES (91, 'Trần Thanh Huy', 'tran.thanh.huy33@outlook.com', '0732520277', TO_DATE('1986-12-23','YYYY-MM-DD'));
INSERT INTO NguoiDung (ma_nguoi_dung, ho_ten, email, sdt, ngay_sinh) VALUES (92, 'Đỗ Khoa', 'do.khoa40@gmail.com', '0387669750', TO_DATE('2002-09-13','YYYY-MM-DD'));
INSERT INTO NguoiDung (ma_nguoi_dung, ho_ten, email, sdt, ngay_sinh) VALUES (93, 'Hoàng Thanh Tâm', 'hoang.thanh.tam51@yahoo.com', '0520200074', TO_DATE('1967-02-08','YYYY-MM-DD'));
INSERT INTO NguoiDung (ma_nguoi_dung, ho_ten, email, sdt, ngay_sinh) VALUES (94, 'Dương Tâm', 'duong.tam90@gmail.com', '0790585882', TO_DATE('1996-12-11','YYYY-MM-DD'));
INSERT INTO NguoiDung (ma_nguoi_dung, ho_ten, email, sdt, ngay_sinh) VALUES (95, 'Ngô Dương', 'ngo.duong45@gmail.com', '0967495923', TO_DATE('1972-09-24','YYYY-MM-DD'));
INSERT INTO NguoiDung (ma_nguoi_dung, ho_ten, email, sdt, ngay_sinh) VALUES (96, 'Trần Hạnh', 'tran.hanh2@yahoo.com', '0875793759', TO_DATE('1978-10-16','YYYY-MM-DD'));
INSERT INTO NguoiDung (ma_nguoi_dung, ho_ten, email, sdt, ngay_sinh) VALUES (97, 'Huỳnh Hải Hòa', 'huynh.hai.hoa20@outlook.com', '0833640702', TO_DATE('1987-03-20','YYYY-MM-DD'));
INSERT INTO NguoiDung (ma_nguoi_dung, ho_ten, email, sdt, ngay_sinh) VALUES (98, 'Bùi Nam', 'bui.nam62@outlook.com', '0868461818', TO_DATE('1980-03-17','YYYY-MM-DD'));
INSERT INTO NguoiDung (ma_nguoi_dung, ho_ten, email, sdt, ngay_sinh) VALUES (99, 'Đặng Nam', 'dang.nam12@gmail.com', '0770505620', TO_DATE('1993-05-19','YYYY-MM-DD'));
INSERT INTO NguoiDung (ma_nguoi_dung, ho_ten, email, sdt, ngay_sinh) VALUES (100, 'Vũ Thanh Dương', 'vu.thanh.duong44@yahoo.com', '0376344695', TO_DATE('1977-11-12','YYYY-MM-DD'));
INSERT INTO NguoiDung (ma_nguoi_dung, ho_ten, email, sdt, ngay_sinh) VALUES (101, 'Lê Tú', 'le.tu34@yahoo.com', '0747535126', TO_DATE('1998-04-28','YYYY-MM-DD'));
INSERT INTO NguoiDung (ma_nguoi_dung, ho_ten, email, sdt, ngay_sinh) VALUES (102, 'Đỗ Nam', 'do.nam67@gmail.com', '0521490777', TO_DATE('1982-11-27','YYYY-MM-DD'));
INSERT INTO NguoiDung (ma_nguoi_dung, ho_ten, email, sdt, ngay_sinh) VALUES (103, 'Phan Thùy Hạnh', 'phan.thuy.hanh89@gmail.com', '0896691619', TO_DATE('1973-10-30','YYYY-MM-DD'));
INSERT INTO NguoiDung (ma_nguoi_dung, ho_ten, email, sdt, ngay_sinh) VALUES (104, 'Vũ Khánh', 'vu.khanh38@gmail.com', '0564277800', TO_DATE('2007-01-24','YYYY-MM-DD'));
INSERT INTO NguoiDung (ma_nguoi_dung, ho_ten, email, sdt, ngay_sinh) VALUES (105, 'Hoàng Tâm', 'hoang.tam61@yahoo.com', '0981259135', TO_DATE('1981-10-01','YYYY-MM-DD'));
INSERT INTO NguoiDung (ma_nguoi_dung, ho_ten, email, sdt, ngay_sinh) VALUES (106, 'Đỗ Quang Hằng', 'do.quang.hang59@outlook.com', '0751154241', TO_DATE('1992-01-21','YYYY-MM-DD'));
INSERT INTO NguoiDung (ma_nguoi_dung, ho_ten, email, sdt, ngay_sinh) VALUES (107, 'Trần Anh Huy', 'tran.anh.huy96@gmail.com', '0934850391', TO_DATE('1993-09-07','YYYY-MM-DD'));
INSERT INTO NguoiDung (ma_nguoi_dung, ho_ten, email, sdt, ngay_sinh) VALUES (108, 'Đỗ Thùy Nam', 'do.thuy.nam98@outlook.com', '0990099897', TO_DATE('1975-05-03','YYYY-MM-DD'));
INSERT INTO NguoiDung (ma_nguoi_dung, ho_ten, email, sdt, ngay_sinh) VALUES (109, 'Trần Kim Huy', 'tran.kim.huy47@gmail.com', '0550569669', TO_DATE('1994-07-20','YYYY-MM-DD'));
INSERT INTO NguoiDung (ma_nguoi_dung, ho_ten, email, sdt, ngay_sinh) VALUES (110, 'Võ Đức Nam', 'vo.duc.nam71@gmail.com', '0726948946', TO_DATE('2005-10-18','YYYY-MM-DD'));
INSERT INTO NguoiDung (ma_nguoi_dung, ho_ten, email, sdt, ngay_sinh) VALUES (111, 'Ngô Tú', 'ngo.tu74@gmail.com', '0773001391', TO_DATE('2003-03-28','YYYY-MM-DD'));
INSERT INTO NguoiDung (ma_nguoi_dung, ho_ten, email, sdt, ngay_sinh) VALUES (112, 'Huỳnh Đức Hiếu', 'huynh.duc.hieu15@yahoo.com', '0363782042', TO_DATE('1996-07-06','YYYY-MM-DD'));
INSERT INTO NguoiDung (ma_nguoi_dung, ho_ten, email, sdt, ngay_sinh) VALUES (113, 'Đặng Hải Tâm', 'dang.hai.tam20@gmail.com', '0950780112', TO_DATE('2005-06-07','YYYY-MM-DD'));
INSERT INTO NguoiDung (ma_nguoi_dung, ho_ten, email, sdt, ngay_sinh) VALUES (114, 'Phạm Hữu Hạnh', 'pham.huu.hanh78@yahoo.com', '0993002706', TO_DATE('1973-07-19','YYYY-MM-DD'));
INSERT INTO NguoiDung (ma_nguoi_dung, ho_ten, email, sdt, ngay_sinh) VALUES (115, 'Võ Thu Tú', 'vo.thu.tu39@yahoo.com', '0967556566', TO_DATE('1967-02-01','YYYY-MM-DD'));
INSERT INTO NguoiDung (ma_nguoi_dung, ho_ten, email, sdt, ngay_sinh) VALUES (116, 'Đặng Văn Dương', 'dang.van.duong98@gmail.com', '0593955206', TO_DATE('1974-08-22','YYYY-MM-DD'));
INSERT INTO NguoiDung (ma_nguoi_dung, ho_ten, email, sdt, ngay_sinh) VALUES (117, 'Bùi Hữu Trang', 'bui.huu.trang71@gmail.com', '0331009452', TO_DATE('1997-01-29','YYYY-MM-DD'));
INSERT INTO NguoiDung (ma_nguoi_dung, ho_ten, email, sdt, ngay_sinh) VALUES (118, 'Vũ Anh Dương', 'vu.anh.duong5@yahoo.com', '0548668783', TO_DATE('1986-10-04','YYYY-MM-DD'));
INSERT INTO NguoiDung (ma_nguoi_dung, ho_ten, email, sdt, ngay_sinh) VALUES (119, 'Đỗ Hòa', 'do.hoa88@gmail.com', '0545507920', TO_DATE('1987-06-22','YYYY-MM-DD'));
INSERT INTO NguoiDung (ma_nguoi_dung, ho_ten, email, sdt, ngay_sinh) VALUES (120, 'Bùi Dương', 'bui.duong55@gmail.com', '0383089925', TO_DATE('1978-03-07','YYYY-MM-DD'));
INSERT INTO NguoiDung (ma_nguoi_dung, ho_ten, email, sdt, ngay_sinh) VALUES (121, 'Lê Ngọc Hòa', 'le.ngoc.hoa8@gmail.com', '0551286958', TO_DATE('2001-06-16','YYYY-MM-DD'));
INSERT INTO NguoiDung (ma_nguoi_dung, ho_ten, email, sdt, ngay_sinh) VALUES (122, 'Dương Dương', 'duong.duong57@yahoo.com', '0372907576', TO_DATE('1966-07-08','YYYY-MM-DD'));
INSERT INTO NguoiDung (ma_nguoi_dung, ho_ten, email, sdt, ngay_sinh) VALUES (123, 'Đỗ Linh', 'do.linh70@outlook.com', '0868755000', TO_DATE('1995-08-17','YYYY-MM-DD'));
INSERT INTO NguoiDung (ma_nguoi_dung, ho_ten, email, sdt, ngay_sinh) VALUES (124, 'Nguyễn Thu Khoa', 'nguyen.thu.khoa33@outlook.com', '0322257687', TO_DATE('1993-05-19','YYYY-MM-DD'));
INSERT INTO NguoiDung (ma_nguoi_dung, ho_ten, email, sdt, ngay_sinh) VALUES (125, 'Bùi Kim Hòa', 'bui.kim.hoa3@outlook.com', '0787342561', TO_DATE('1982-01-13','YYYY-MM-DD'));
INSERT INTO NguoiDung (ma_nguoi_dung, ho_ten, email, sdt, ngay_sinh) VALUES (126, 'Ngô Đức Tú', 'ngo.duc.tu57@outlook.com', '0734359060', TO_DATE('1984-07-23','YYYY-MM-DD'));
INSERT INTO NguoiDung (ma_nguoi_dung, ho_ten, email, sdt, ngay_sinh) VALUES (127, 'Phan Tâm', 'phan.tam12@yahoo.com', '0856702542', TO_DATE('1971-04-25','YYYY-MM-DD'));
INSERT INTO NguoiDung (ma_nguoi_dung, ho_ten, email, sdt, ngay_sinh) VALUES (128, 'Huỳnh Hải Nhi', 'huynh.hai.nhi43@gmail.com', '0876500726', TO_DATE('1969-05-12','YYYY-MM-DD'));
INSERT INTO NguoiDung (ma_nguoi_dung, ho_ten, email, sdt, ngay_sinh) VALUES (129, 'Phan Kim Khánh', 'phan.kim.khanh59@gmail.com', '0352213778', TO_DATE('1983-03-01','YYYY-MM-DD'));
INSERT INTO NguoiDung (ma_nguoi_dung, ho_ten, email, sdt, ngay_sinh) VALUES (130, 'Trần Bảo Linh', 'tran.bao.linh1@outlook.com', '0972005415', TO_DATE('1969-01-15','YYYY-MM-DD'));
INSERT INTO NguoiDung (ma_nguoi_dung, ho_ten, email, sdt, ngay_sinh) VALUES (131, 'Phạm Quang Hằng', 'pham.quang.hang81@yahoo.com', '0816927215', TO_DATE('1979-11-28','YYYY-MM-DD'));
INSERT INTO NguoiDung (ma_nguoi_dung, ho_ten, email, sdt, ngay_sinh) VALUES (132, 'Võ Đức Nam', 'vo.duc.nam63@outlook.com', '0313874790', TO_DATE('1988-03-08','YYYY-MM-DD'));
INSERT INTO NguoiDung (ma_nguoi_dung, ho_ten, email, sdt, ngay_sinh) VALUES (133, 'Đặng Khánh', 'dang.khanh21@outlook.com', '0783932360', TO_DATE('1997-02-07','YYYY-MM-DD'));
INSERT INTO NguoiDung (ma_nguoi_dung, ho_ten, email, sdt, ngay_sinh) VALUES (134, 'Phan Hữu Huy', 'phan.huu.huy60@gmail.com', '0396934122', TO_DATE('1970-02-04','YYYY-MM-DD'));
INSERT INTO NguoiDung (ma_nguoi_dung, ho_ten, email, sdt, ngay_sinh) VALUES (135, 'Vũ Khoa', 'vu.khoa91@outlook.com', '0765766169', TO_DATE('1994-09-30','YYYY-MM-DD'));
INSERT INTO NguoiDung (ma_nguoi_dung, ho_ten, email, sdt, ngay_sinh) VALUES (136, 'Vũ Huy', 'vu.huy19@outlook.com', '0835583290', TO_DATE('1987-05-08','YYYY-MM-DD'));
INSERT INTO NguoiDung (ma_nguoi_dung, ho_ten, email, sdt, ngay_sinh) VALUES (137, 'Võ Khoa', 'vo.khoa9@gmail.com', '0765692629', TO_DATE('1968-05-24','YYYY-MM-DD'));
INSERT INTO NguoiDung (ma_nguoi_dung, ho_ten, email, sdt, ngay_sinh) VALUES (138, 'Ngô Quang Nam', 'ngo.quang.nam37@gmail.com', '0788777447', TO_DATE('1971-01-12','YYYY-MM-DD'));
INSERT INTO NguoiDung (ma_nguoi_dung, ho_ten, email, sdt, ngay_sinh) VALUES (139, 'Bùi Tú', 'bui.tu58@gmail.com', '0975007200', TO_DATE('1969-01-09','YYYY-MM-DD'));
INSERT INTO NguoiDung (ma_nguoi_dung, ho_ten, email, sdt, ngay_sinh) VALUES (140, 'Võ Bảo Hạnh', 'vo.bao.hanh42@yahoo.com', '0542051937', TO_DATE('1990-12-01','YYYY-MM-DD'));
INSERT INTO NguoiDung (ma_nguoi_dung, ho_ten, email, sdt, ngay_sinh) VALUES (141, 'Phạm Hòa', 'pham.hoa6@yahoo.com', '0773481797', TO_DATE('1973-01-18','YYYY-MM-DD'));
INSERT INTO NguoiDung (ma_nguoi_dung, ho_ten, email, sdt, ngay_sinh) VALUES (142, 'Ngô Linh', 'ngo.linh84@outlook.com', '0576481885', TO_DATE('1990-07-09','YYYY-MM-DD'));
INSERT INTO NguoiDung (ma_nguoi_dung, ho_ten, email, sdt, ngay_sinh) VALUES (143, 'Lê Hạnh', 'le.hanh13@yahoo.com', '0823383077', TO_DATE('1981-05-13','YYYY-MM-DD'));
INSERT INTO NguoiDung (ma_nguoi_dung, ho_ten, email, sdt, ngay_sinh) VALUES (144, 'Vũ Hiếu', 'vu.hieu53@gmail.com', '0520043277', TO_DATE('1975-06-07','YYYY-MM-DD'));
INSERT INTO NguoiDung (ma_nguoi_dung, ho_ten, email, sdt, ngay_sinh) VALUES (145, 'Hoàng Thị Dương', 'hoang.thi.duong84@yahoo.com', '0354099326', TO_DATE('1976-10-06','YYYY-MM-DD'));
INSERT INTO NguoiDung (ma_nguoi_dung, ho_ten, email, sdt, ngay_sinh) VALUES (146, 'Dương Hạnh', 'duong.hanh81@yahoo.com', '0882613940', TO_DATE('1990-10-16','YYYY-MM-DD'));
INSERT INTO NguoiDung (ma_nguoi_dung, ho_ten, email, sdt, ngay_sinh) VALUES (147, 'Trần Minh Tâm', 'tran.minh.tam30@yahoo.com', '0368246664', TO_DATE('1977-02-19','YYYY-MM-DD'));
INSERT INTO NguoiDung (ma_nguoi_dung, ho_ten, email, sdt, ngay_sinh) VALUES (148, 'Ngô Tâm', 'ngo.tam57@gmail.com', '0550193656', TO_DATE('1976-04-06','YYYY-MM-DD'));
INSERT INTO NguoiDung (ma_nguoi_dung, ho_ten, email, sdt, ngay_sinh) VALUES (149, 'Nguyễn Hằng', 'nguyen.hang38@gmail.com', '0760310319', TO_DATE('1972-02-15','YYYY-MM-DD'));
INSERT INTO NguoiDung (ma_nguoi_dung, ho_ten, email, sdt, ngay_sinh) VALUES (150, 'Phạm Quang Linh', 'pham.quang.linh24@outlook.com', '0533497411', TO_DATE('1982-06-14','YYYY-MM-DD'));


-- select count(*) from NguoiDung
-- 2. TaiKhoan
-- truncate table TaiKhoan
INSERT INTO TaiKhoan (ma_tai_khoan, ma_nguoi_dung, ten_tai_khoan, mat_khau, loai_tai_khoan) VALUES (1, 1, 'nguyenkhoa20', '123456', 'USER');
INSERT INTO TaiKhoan (ma_tai_khoan, ma_nguoi_dung, ten_tai_khoan, mat_khau, loai_tai_khoan) VALUES (2, 2, 'vonhi88', '123456', 'USER');
INSERT INTO TaiKhoan (ma_tai_khoan, ma_nguoi_dung, ten_tai_khoan, mat_khau, loai_tai_khoan) VALUES (3, 3, 'vothanhhieu58', '123456', 'USER');
INSERT INTO TaiKhoan (ma_tai_khoan, ma_nguoi_dung, ten_tai_khoan, mat_khau, loai_tai_khoan) VALUES (4, 4, 'dangngockhanh89', '123456', 'USER');
INSERT INTO TaiKhoan (ma_tai_khoan, ma_nguoi_dung, ten_tai_khoan, mat_khau, loai_tai_khoan) VALUES (5, 5, 'leminhkhanh97', '123456', 'USER');
INSERT INTO TaiKhoan (ma_tai_khoan, ma_nguoi_dung, ten_tai_khoan, mat_khau, loai_tai_khoan) VALUES (6, 6, 'huynhthanhnam40', '123456', 'USER');
INSERT INTO TaiKhoan (ma_tai_khoan, ma_nguoi_dung, ten_tai_khoan, mat_khau, loai_tai_khoan) VALUES (7, 7, 'phanhuuhanh73', '123456', 'USER');
INSERT INTO TaiKhoan (ma_tai_khoan, ma_nguoi_dung, ten_tai_khoan, mat_khau, loai_tai_khoan) VALUES (8, 8, 'tranvantam84', '123456', 'USER');
INSERT INTO TaiKhoan (ma_tai_khoan, ma_nguoi_dung, ten_tai_khoan, mat_khau, loai_tai_khoan) VALUES (9, 9, 'vuhaihoa28', '123456', 'USER');
INSERT INTO TaiKhoan (ma_tai_khoan, ma_nguoi_dung, ten_tai_khoan, mat_khau, loai_tai_khoan) VALUES (10, 10, 'dotam39', '123456', 'USER');
INSERT INTO TaiKhoan (ma_tai_khoan, ma_nguoi_dung, ten_tai_khoan, mat_khau, loai_tai_khoan) VALUES (11, 11, 'letu69', '123456', 'USER');
INSERT INTO TaiKhoan (ma_tai_khoan, ma_nguoi_dung, ten_tai_khoan, mat_khau, loai_tai_khoan) VALUES (12, 12, 'duongkhanh91', '123456', 'USER');
INSERT INTO TaiKhoan (ma_tai_khoan, ma_nguoi_dung, ten_tai_khoan, mat_khau, loai_tai_khoan) VALUES (13, 13, 'tranminhduong42', '123456', 'USER');
INSERT INTO TaiKhoan (ma_tai_khoan, ma_nguoi_dung, ten_tai_khoan, mat_khau, loai_tai_khoan) VALUES (14, 14, 'buithuytrang68', '123456', 'USER');
INSERT INTO TaiKhoan (ma_tai_khoan, ma_nguoi_dung, ten_tai_khoan, mat_khau, loai_tai_khoan) VALUES (15, 15, 'dangthuduong42', '123456', 'USER');
INSERT INTO TaiKhoan (ma_tai_khoan, ma_nguoi_dung, ten_tai_khoan, mat_khau, loai_tai_khoan) VALUES (16, 16, 'ngovanhoa95', '123456', 'USER');
INSERT INTO TaiKhoan (ma_tai_khoan, ma_nguoi_dung, ten_tai_khoan, mat_khau, loai_tai_khoan) VALUES (17, 17, 'phanlinh11', '123456', 'USER');
INSERT INTO TaiKhoan (ma_tai_khoan, ma_nguoi_dung, ten_tai_khoan, mat_khau, loai_tai_khoan) VALUES (18, 18, 'nguyentam69', '123456', 'USER');
INSERT INTO TaiKhoan (ma_tai_khoan, ma_nguoi_dung, ten_tai_khoan, mat_khau, loai_tai_khoan) VALUES (19, 19, 'huynhnhi46', '123456', 'USER');
INSERT INTO TaiKhoan (ma_tai_khoan, ma_nguoi_dung, ten_tai_khoan, mat_khau, loai_tai_khoan) VALUES (20, 20, 'donam96', '123456', 'USER');
INSERT INTO TaiKhoan (ma_tai_khoan, ma_nguoi_dung, ten_tai_khoan, mat_khau, loai_tai_khoan) VALUES (21, 21, 'buiquangduong79', '123456', 'USER');
INSERT INTO TaiKhoan (ma_tai_khoan, ma_nguoi_dung, ten_tai_khoan, mat_khau, loai_tai_khoan) VALUES (22, 22, 'vohieu30', '123456', 'USER');
INSERT INTO TaiKhoan (ma_tai_khoan, ma_nguoi_dung, ten_tai_khoan, mat_khau, loai_tai_khoan) VALUES (23, 23, 'duongkhanh19', '123456', 'USER');
INSERT INTO TaiKhoan (ma_tai_khoan, ma_nguoi_dung, ten_tai_khoan, mat_khau, loai_tai_khoan) VALUES (24, 24, 'trankhoa66', '123456', 'USER');
INSERT INTO TaiKhoan (ma_tai_khoan, ma_nguoi_dung, ten_tai_khoan, mat_khau, loai_tai_khoan) VALUES (25, 25, 'vuquangtrang54', '123456', 'USER');
INSERT INTO TaiKhoan (ma_tai_khoan, ma_nguoi_dung, ten_tai_khoan, mat_khau, loai_tai_khoan) VALUES (26, 26, 'ngokhoa85', '123456', 'USER');
INSERT INTO TaiKhoan (ma_tai_khoan, ma_nguoi_dung, ten_tai_khoan, mat_khau, loai_tai_khoan) VALUES (27, 27, 'buihang48', '123456', 'USER');
INSERT INTO TaiKhoan (ma_tai_khoan, ma_nguoi_dung, ten_tai_khoan, mat_khau, loai_tai_khoan) VALUES (28, 28, 'huynhvanduong91', '123456', 'USER');
INSERT INTO TaiKhoan (ma_tai_khoan, ma_nguoi_dung, ten_tai_khoan, mat_khau, loai_tai_khoan) VALUES (29, 29, 'buivanhuy64', '123456', 'USER');
INSERT INTO TaiKhoan (ma_tai_khoan, ma_nguoi_dung, ten_tai_khoan, mat_khau, loai_tai_khoan) VALUES (30, 30, 'buithuyhuy98', '123456', 'USER');
INSERT INTO TaiKhoan (ma_tai_khoan, ma_nguoi_dung, ten_tai_khoan, mat_khau, loai_tai_khoan) VALUES (31, 31, 'ngothuykhanh42', '123456', 'USER');
INSERT INTO TaiKhoan (ma_tai_khoan, ma_nguoi_dung, ten_tai_khoan, mat_khau, loai_tai_khoan) VALUES (32, 32, 'phanthutu68', '123456', 'USER');
INSERT INTO TaiKhoan (ma_tai_khoan, ma_nguoi_dung, ten_tai_khoan, mat_khau, loai_tai_khoan) VALUES (33, 33, 'huynhbaohoa48', '123456', 'USER');
INSERT INTO TaiKhoan (ma_tai_khoan, ma_nguoi_dung, ten_tai_khoan, mat_khau, loai_tai_khoan) VALUES (34, 34, 'phanducnam35', '123456', 'USER');
INSERT INTO TaiKhoan (ma_tai_khoan, ma_nguoi_dung, ten_tai_khoan, mat_khau, loai_tai_khoan) VALUES (35, 35, 'buiquanghoa59', '123456', 'USER');
INSERT INTO TaiKhoan (ma_tai_khoan, ma_nguoi_dung, ten_tai_khoan, mat_khau, loai_tai_khoan) VALUES (36, 36, 'vuminhhoa71', '123456', 'USER');
INSERT INTO TaiKhoan (ma_tai_khoan, ma_nguoi_dung, ten_tai_khoan, mat_khau, loai_tai_khoan) VALUES (37, 37, 'hoangkhanh23', '123456', 'USER');
INSERT INTO TaiKhoan (ma_tai_khoan, ma_nguoi_dung, ten_tai_khoan, mat_khau, loai_tai_khoan) VALUES (38, 38, 'vutrang40', '123456', 'USER');
INSERT INTO TaiKhoan (ma_tai_khoan, ma_nguoi_dung, ten_tai_khoan, mat_khau, loai_tai_khoan) VALUES (39, 39, 'nguyenkhoa58', '123456', 'USER');
INSERT INTO TaiKhoan (ma_tai_khoan, ma_nguoi_dung, ten_tai_khoan, mat_khau, loai_tai_khoan) VALUES (40, 40, 'duonghanh83', '123456', 'USER');
INSERT INTO TaiKhoan (ma_tai_khoan, ma_nguoi_dung, ten_tai_khoan, mat_khau, loai_tai_khoan) VALUES (41, 41, 'tranhaihoa55', '123456', 'USER');
INSERT INTO TaiKhoan (ma_tai_khoan, ma_nguoi_dung, ten_tai_khoan, mat_khau, loai_tai_khoan) VALUES (42, 42, 'nguyenduong83', '123456', 'USER');
INSERT INTO TaiKhoan (ma_tai_khoan, ma_nguoi_dung, ten_tai_khoan, mat_khau, loai_tai_khoan) VALUES (43, 43, 'hoanghuy47', '123456', 'USER');
INSERT INTO TaiKhoan (ma_tai_khoan, ma_nguoi_dung, ten_tai_khoan, mat_khau, loai_tai_khoan) VALUES (44, 44, 'buihainam99', '123456', 'USER');
INSERT INTO TaiKhoan (ma_tai_khoan, ma_nguoi_dung, ten_tai_khoan, mat_khau, loai_tai_khoan) VALUES (45, 45, 'danghuunhi47', '123456', 'USER');
INSERT INTO TaiKhoan (ma_tai_khoan, ma_nguoi_dung, ten_tai_khoan, mat_khau, loai_tai_khoan) VALUES (46, 46, 'tranhuy12', '123456', 'USER');
INSERT INTO TaiKhoan (ma_tai_khoan, ma_nguoi_dung, ten_tai_khoan, mat_khau, loai_tai_khoan) VALUES (47, 47, 'dangkhanh94', '123456', 'USER');
INSERT INTO TaiKhoan (ma_tai_khoan, ma_nguoi_dung, ten_tai_khoan, mat_khau, loai_tai_khoan) VALUES (48, 48, 'trantrang60', '123456', 'USER');
INSERT INTO TaiKhoan (ma_tai_khoan, ma_nguoi_dung, ten_tai_khoan, mat_khau, loai_tai_khoan) VALUES (49, 49, 'dangminhkhoa45', '123456', 'USER');
INSERT INTO TaiKhoan (ma_tai_khoan, ma_nguoi_dung, ten_tai_khoan, mat_khau, loai_tai_khoan) VALUES (50, 50, 'duongvannhi11', '123456', 'USER');
INSERT INTO TaiKhoan (ma_tai_khoan, ma_nguoi_dung, ten_tai_khoan, mat_khau, loai_tai_khoan) VALUES (51, 51, 'lehainam82', '123456', 'USER');
INSERT INTO TaiKhoan (ma_tai_khoan, ma_nguoi_dung, ten_tai_khoan, mat_khau, loai_tai_khoan) VALUES (52, 52, 'trannhi97', '123456', 'USER');
INSERT INTO TaiKhoan (ma_tai_khoan, ma_nguoi_dung, ten_tai_khoan, mat_khau, loai_tai_khoan) VALUES (53, 53, 'danghanh16', '123456', 'USER');
INSERT INTO TaiKhoan (ma_tai_khoan, ma_nguoi_dung, ten_tai_khoan, mat_khau, loai_tai_khoan) VALUES (54, 54, 'ngokimhieu87', '123456', 'USER');
INSERT INTO TaiKhoan (ma_tai_khoan, ma_nguoi_dung, ten_tai_khoan, mat_khau, loai_tai_khoan) VALUES (55, 55, 'ngoquanghoa73', '123456', 'USER');
INSERT INTO TaiKhoan (ma_tai_khoan, ma_nguoi_dung, ten_tai_khoan, mat_khau, loai_tai_khoan) VALUES (56, 56, 'ngokhanh46', '123456', 'USER');
INSERT INTO TaiKhoan (ma_tai_khoan, ma_nguoi_dung, ten_tai_khoan, mat_khau, loai_tai_khoan) VALUES (57, 57, 'phankhanh39', '123456', 'USER');
INSERT INTO TaiKhoan (ma_tai_khoan, ma_nguoi_dung, ten_tai_khoan, mat_khau, loai_tai_khoan) VALUES (58, 58, 'tranlinh87', '123456', 'USER');
INSERT INTO TaiKhoan (ma_tai_khoan, ma_nguoi_dung, ten_tai_khoan, mat_khau, loai_tai_khoan) VALUES (59, 59, 'vuhang55', '123456', 'USER');
INSERT INTO TaiKhoan (ma_tai_khoan, ma_nguoi_dung, ten_tai_khoan, mat_khau, loai_tai_khoan) VALUES (60, 60, 'huynhngochoa38', '123456', 'USER');
INSERT INTO TaiKhoan (ma_tai_khoan, ma_nguoi_dung, ten_tai_khoan, mat_khau, loai_tai_khoan) VALUES (61, 61, 'duonghanh91', '123456', 'USER');
INSERT INTO TaiKhoan (ma_tai_khoan, ma_nguoi_dung, ten_tai_khoan, mat_khau, loai_tai_khoan) VALUES (62, 62, 'hoanghieu34', '123456', 'USER');
INSERT INTO TaiKhoan (ma_tai_khoan, ma_nguoi_dung, ten_tai_khoan, mat_khau, loai_tai_khoan) VALUES (63, 63, 'vohuulinh89', '123456', 'USER');
INSERT INTO TaiKhoan (ma_tai_khoan, ma_nguoi_dung, ten_tai_khoan, mat_khau, loai_tai_khoan) VALUES (64, 64, 'nguyenhanh42', '123456', 'USER');
INSERT INTO TaiKhoan (ma_tai_khoan, ma_nguoi_dung, ten_tai_khoan, mat_khau, loai_tai_khoan) VALUES (65, 65, 'buithiduong96', '123456', 'USER');
INSERT INTO TaiKhoan (ma_tai_khoan, ma_nguoi_dung, ten_tai_khoan, mat_khau, loai_tai_khoan) VALUES (66, 66, 'phanthilinh94', '123456', 'USER');
INSERT INTO TaiKhoan (ma_tai_khoan, ma_nguoi_dung, ten_tai_khoan, mat_khau, loai_tai_khoan) VALUES (67, 67, 'phanhaikhoa97', '123456', 'USER');
INSERT INTO TaiKhoan (ma_tai_khoan, ma_nguoi_dung, ten_tai_khoan, mat_khau, loai_tai_khoan) VALUES (68, 68, 'duongvannam27', '123456', 'USER');
INSERT INTO TaiKhoan (ma_tai_khoan, ma_nguoi_dung, ten_tai_khoan, mat_khau, loai_tai_khoan) VALUES (69, 69, 'vutu90', '123456', 'USER');
INSERT INTO TaiKhoan (ma_tai_khoan, ma_nguoi_dung, ten_tai_khoan, mat_khau, loai_tai_khoan) VALUES (70, 70, 'ngokhoa22', '123456', 'USER');
INSERT INTO TaiKhoan (ma_tai_khoan, ma_nguoi_dung, ten_tai_khoan, mat_khau, loai_tai_khoan) VALUES (71, 71, 'danghang90', '123456', 'USER');
INSERT INTO TaiKhoan (ma_tai_khoan, ma_nguoi_dung, ten_tai_khoan, mat_khau, loai_tai_khoan) VALUES (72, 72, 'lehieu92', '123456', 'USER');
INSERT INTO TaiKhoan (ma_tai_khoan, ma_nguoi_dung, ten_tai_khoan, mat_khau, loai_tai_khoan) VALUES (73, 73, 'buithanhhuy15', '123456', 'USER');
INSERT INTO TaiKhoan (ma_tai_khoan, ma_nguoi_dung, ten_tai_khoan, mat_khau, loai_tai_khoan) VALUES (74, 74, 'buianhhieu49', '123456', 'USER');
INSERT INTO TaiKhoan (ma_tai_khoan, ma_nguoi_dung, ten_tai_khoan, mat_khau, loai_tai_khoan) VALUES (75, 75, 'dohanh66', '123456', 'USER');
INSERT INTO TaiKhoan (ma_tai_khoan, ma_nguoi_dung, ten_tai_khoan, mat_khau, loai_tai_khoan) VALUES (76, 76, 'ngothuytam14', '123456', 'USER');
INSERT INTO TaiKhoan (ma_tai_khoan, ma_nguoi_dung, ten_tai_khoan, mat_khau, loai_tai_khoan) VALUES (77, 77, 'dohanh84', '123456', 'USER');
INSERT INTO TaiKhoan (ma_tai_khoan, ma_nguoi_dung, ten_tai_khoan, mat_khau, loai_tai_khoan) VALUES (78, 78, 'ngominhhoa56', '123456', 'USER');
INSERT INTO TaiKhoan (ma_tai_khoan, ma_nguoi_dung, ten_tai_khoan, mat_khau, loai_tai_khoan) VALUES (79, 79, 'hoangtu26', '123456', 'USER');
INSERT INTO TaiKhoan (ma_tai_khoan, ma_nguoi_dung, ten_tai_khoan, mat_khau, loai_tai_khoan) VALUES (80, 80, 'vohuutrang21', '123456', 'USER');
INSERT INTO TaiKhoan (ma_tai_khoan, ma_nguoi_dung, ten_tai_khoan, mat_khau, loai_tai_khoan) VALUES (81, 81, 'phanthihanh47', '123456', 'USER');
INSERT INTO TaiKhoan (ma_tai_khoan, ma_nguoi_dung, ten_tai_khoan, mat_khau, loai_tai_khoan) VALUES (82, 82, 'ngothanhkhoa51', '123456', 'USER');
INSERT INTO TaiKhoan (ma_tai_khoan, ma_nguoi_dung, ten_tai_khoan, mat_khau, loai_tai_khoan) VALUES (83, 83, 'hoangkhanh63', '123456', 'USER');
INSERT INTO TaiKhoan (ma_tai_khoan, ma_nguoi_dung, ten_tai_khoan, mat_khau, loai_tai_khoan) VALUES (84, 84, 'vuhuy32', '123456', 'USER');
INSERT INTO TaiKhoan (ma_tai_khoan, ma_nguoi_dung, ten_tai_khoan, mat_khau, loai_tai_khoan) VALUES (85, 85, 'buibaolinh35', '123456', 'USER');
INSERT INTO TaiKhoan (ma_tai_khoan, ma_nguoi_dung, ten_tai_khoan, mat_khau, loai_tai_khoan) VALUES (86, 86, 'phanduong26', '123456', 'USER');
INSERT INTO TaiKhoan (ma_tai_khoan, ma_nguoi_dung, ten_tai_khoan, mat_khau, loai_tai_khoan) VALUES (87, 87, 'duongthuytrang79', '123456', 'USER');
INSERT INTO TaiKhoan (ma_tai_khoan, ma_nguoi_dung, ten_tai_khoan, mat_khau, loai_tai_khoan) VALUES (88, 88, 'huynhbaolinh56', '123456', 'USER');
INSERT INTO TaiKhoan (ma_tai_khoan, ma_nguoi_dung, ten_tai_khoan, mat_khau, loai_tai_khoan) VALUES (89, 89, 'vovanhang77', '123456', 'USER');
INSERT INTO TaiKhoan (ma_tai_khoan, ma_nguoi_dung, ten_tai_khoan, mat_khau, loai_tai_khoan) VALUES (90, 90, 'phamhoa74', '123456', 'USER');
INSERT INTO TaiKhoan (ma_tai_khoan, ma_nguoi_dung, ten_tai_khoan, mat_khau, loai_tai_khoan) VALUES (91, 91, 'tranthanhhuy44', '123456', 'USER');
INSERT INTO TaiKhoan (ma_tai_khoan, ma_nguoi_dung, ten_tai_khoan, mat_khau, loai_tai_khoan) VALUES (92, 92, 'dokhoa31', '123456', 'USER');
INSERT INTO TaiKhoan (ma_tai_khoan, ma_nguoi_dung, ten_tai_khoan, mat_khau, loai_tai_khoan) VALUES (93, 93, 'hoangthanhtam42', '123456', 'USER');
INSERT INTO TaiKhoan (ma_tai_khoan, ma_nguoi_dung, ten_tai_khoan, mat_khau, loai_tai_khoan) VALUES (94, 94, 'duongtam71', '123456', 'USER');
INSERT INTO TaiKhoan (ma_tai_khoan, ma_nguoi_dung, ten_tai_khoan, mat_khau, loai_tai_khoan) VALUES (95, 95, 'ngoduong47', '123456', 'USER');
INSERT INTO TaiKhoan (ma_tai_khoan, ma_nguoi_dung, ten_tai_khoan, mat_khau, loai_tai_khoan) VALUES (96, 96, 'tranhanh53', '123456', 'USER');
INSERT INTO TaiKhoan (ma_tai_khoan, ma_nguoi_dung, ten_tai_khoan, mat_khau, loai_tai_khoan) VALUES (97, 97, 'huynhhaihoa24', '123456', 'USER');
INSERT INTO TaiKhoan (ma_tai_khoan, ma_nguoi_dung, ten_tai_khoan, mat_khau, loai_tai_khoan) VALUES (98, 98, 'buinam69', '123456', 'USER');
INSERT INTO TaiKhoan (ma_tai_khoan, ma_nguoi_dung, ten_tai_khoan, mat_khau, loai_tai_khoan) VALUES (99, 99, 'dangnam19', '123456', 'USER');
INSERT INTO TaiKhoan (ma_tai_khoan, ma_nguoi_dung, ten_tai_khoan, mat_khau, loai_tai_khoan) VALUES (100, 100, 'vuthanhduong28', '123456', 'USER');
INSERT INTO TaiKhoan (ma_tai_khoan, ma_nguoi_dung, ten_tai_khoan, mat_khau, loai_tai_khoan) VALUES (101, 101, 'letu38', '123456', 'USER');
INSERT INTO TaiKhoan (ma_tai_khoan, ma_nguoi_dung, ten_tai_khoan, mat_khau, loai_tai_khoan) VALUES (102, 102, 'donam9601', '123456', 'USER');
INSERT INTO TaiKhoan (ma_tai_khoan, ma_nguoi_dung, ten_tai_khoan, mat_khau, loai_tai_khoan) VALUES (103, 103, 'phanthuyhanh96', '123456', 'USER');
INSERT INTO TaiKhoan (ma_tai_khoan, ma_nguoi_dung, ten_tai_khoan, mat_khau, loai_tai_khoan) VALUES (104, 104, 'vukhanh60', '123456', 'USER');
INSERT INTO TaiKhoan (ma_tai_khoan, ma_nguoi_dung, ten_tai_khoan, mat_khau, loai_tai_khoan) VALUES (105, 105, 'hoangtam81', '123456', 'USER');
INSERT INTO TaiKhoan (ma_tai_khoan, ma_nguoi_dung, ten_tai_khoan, mat_khau, loai_tai_khoan) VALUES (106, 106, 'doquanghang56', '123456', 'USER');
INSERT INTO TaiKhoan (ma_tai_khoan, ma_nguoi_dung, ten_tai_khoan, mat_khau, loai_tai_khoan) VALUES (107, 107, 'trananhhuy21', '123456', 'USER');
INSERT INTO TaiKhoan (ma_tai_khoan, ma_nguoi_dung, ten_tai_khoan, mat_khau, loai_tai_khoan) VALUES (108, 108, 'dothuynam60', '123456', 'USER');
INSERT INTO TaiKhoan (ma_tai_khoan, ma_nguoi_dung, ten_tai_khoan, mat_khau, loai_tai_khoan) VALUES (109, 109, 'trankimhuy11', '123456', 'USER');
INSERT INTO TaiKhoan (ma_tai_khoan, ma_nguoi_dung, ten_tai_khoan, mat_khau, loai_tai_khoan) VALUES (110, 110, 'voducnam43', '123456', 'USER');
INSERT INTO TaiKhoan (ma_tai_khoan, ma_nguoi_dung, ten_tai_khoan, mat_khau, loai_tai_khoan) VALUES (111, 111, 'ngotu78', '123456', 'USER');
INSERT INTO TaiKhoan (ma_tai_khoan, ma_nguoi_dung, ten_tai_khoan, mat_khau, loai_tai_khoan) VALUES (112, 112, 'huynhduchieu25', '123456', 'USER');
INSERT INTO TaiKhoan (ma_tai_khoan, ma_nguoi_dung, ten_tai_khoan, mat_khau, loai_tai_khoan) VALUES (113, 113, 'danghaitam68', '123456', 'USER');
INSERT INTO TaiKhoan (ma_tai_khoan, ma_nguoi_dung, ten_tai_khoan, mat_khau, loai_tai_khoan) VALUES (114, 114, 'phamhuuhanh57', '123456', 'USER');
INSERT INTO TaiKhoan (ma_tai_khoan, ma_nguoi_dung, ten_tai_khoan, mat_khau, loai_tai_khoan) VALUES (115, 115, 'vothutu96', '123456', 'USER');
INSERT INTO TaiKhoan (ma_tai_khoan, ma_nguoi_dung, ten_tai_khoan, mat_khau, loai_tai_khoan) VALUES (116, 116, 'dangvanduong96', '123456', 'USER');
INSERT INTO TaiKhoan (ma_tai_khoan, ma_nguoi_dung, ten_tai_khoan, mat_khau, loai_tai_khoan) VALUES (117, 117, 'buihuutrang43', '123456', 'USER');
INSERT INTO TaiKhoan (ma_tai_khoan, ma_nguoi_dung, ten_tai_khoan, mat_khau, loai_tai_khoan) VALUES (118, 118, 'vuanhduong84', '123456', 'USER');
INSERT INTO TaiKhoan (ma_tai_khoan, ma_nguoi_dung, ten_tai_khoan, mat_khau, loai_tai_khoan) VALUES (119, 119, 'dohoa58', '123456', 'USER');
INSERT INTO TaiKhoan (ma_tai_khoan, ma_nguoi_dung, ten_tai_khoan, mat_khau, loai_tai_khoan) VALUES (120, 120, 'buiduong91', '123456', 'USER');
INSERT INTO TaiKhoan (ma_tai_khoan, ma_nguoi_dung, ten_tai_khoan, mat_khau, loai_tai_khoan) VALUES (121, 121, 'lengochoa57', '123456', 'USER');
INSERT INTO TaiKhoan (ma_tai_khoan, ma_nguoi_dung, ten_tai_khoan, mat_khau, loai_tai_khoan) VALUES (122, 122, 'duongduong23', '123456', 'USER');
INSERT INTO TaiKhoan (ma_tai_khoan, ma_nguoi_dung, ten_tai_khoan, mat_khau, loai_tai_khoan) VALUES (123, 123, 'dolinh96', '123456', 'USER');
INSERT INTO TaiKhoan (ma_tai_khoan, ma_nguoi_dung, ten_tai_khoan, mat_khau, loai_tai_khoan) VALUES (124, 124, 'nguyenthukhoa39', '123456', 'USER');
INSERT INTO TaiKhoan (ma_tai_khoan, ma_nguoi_dung, ten_tai_khoan, mat_khau, loai_tai_khoan) VALUES (125, 125, 'buikimhoa70', '123456', 'USER');
INSERT INTO TaiKhoan (ma_tai_khoan, ma_nguoi_dung, ten_tai_khoan, mat_khau, loai_tai_khoan) VALUES (126, 126, 'ngoductu13', '123456', 'USER');
INSERT INTO TaiKhoan (ma_tai_khoan, ma_nguoi_dung, ten_tai_khoan, mat_khau, loai_tai_khoan) VALUES (127, 127, 'phantam89', '123456', 'USER');
INSERT INTO TaiKhoan (ma_tai_khoan, ma_nguoi_dung, ten_tai_khoan, mat_khau, loai_tai_khoan) VALUES (128, 128, 'huynhhainhi81', '123456', 'USER');
INSERT INTO TaiKhoan (ma_tai_khoan, ma_nguoi_dung, ten_tai_khoan, mat_khau, loai_tai_khoan) VALUES (129, 129, 'phankimkhanh51', '123456', 'USER');
INSERT INTO TaiKhoan (ma_tai_khoan, ma_nguoi_dung, ten_tai_khoan, mat_khau, loai_tai_khoan) VALUES (130, 130, 'tranbaolinh88', '123456', 'USER');
INSERT INTO TaiKhoan (ma_tai_khoan, ma_nguoi_dung, ten_tai_khoan, mat_khau, loai_tai_khoan) VALUES (131, 131, 'phamquanghang38', '123456', 'USER');
INSERT INTO TaiKhoan (ma_tai_khoan, ma_nguoi_dung, ten_tai_khoan, mat_khau, loai_tai_khoan) VALUES (132, 132, 'voducnam92', '123456', 'USER');
INSERT INTO TaiKhoan (ma_tai_khoan, ma_nguoi_dung, ten_tai_khoan, mat_khau, loai_tai_khoan) VALUES (133, 133, 'dangkhanh18', '123456', 'USER');
INSERT INTO TaiKhoan (ma_tai_khoan, ma_nguoi_dung, ten_tai_khoan, mat_khau, loai_tai_khoan) VALUES (134, 134, 'phanhuuhuy91', '123456', 'USER');
INSERT INTO TaiKhoan (ma_tai_khoan, ma_nguoi_dung, ten_tai_khoan, mat_khau, loai_tai_khoan) VALUES (135, 135, 'vukhoa69', '123456', 'USER');
INSERT INTO TaiKhoan (ma_tai_khoan, ma_nguoi_dung, ten_tai_khoan, mat_khau, loai_tai_khoan) VALUES (136, 136, 'vuhuy99', '123456', 'USER');
INSERT INTO TaiKhoan (ma_tai_khoan, ma_nguoi_dung, ten_tai_khoan, mat_khau, loai_tai_khoan) VALUES (137, 137, 'vokhoa48', '123456', 'USER');
INSERT INTO TaiKhoan (ma_tai_khoan, ma_nguoi_dung, ten_tai_khoan, mat_khau, loai_tai_khoan) VALUES (138, 138, 'ngoquangnam93', '123456', 'USER');
INSERT INTO TaiKhoan (ma_tai_khoan, ma_nguoi_dung, ten_tai_khoan, mat_khau, loai_tai_khoan) VALUES (139, 139, 'buitu62', '123456', 'USER');
INSERT INTO TaiKhoan (ma_tai_khoan, ma_nguoi_dung, ten_tai_khoan, mat_khau, loai_tai_khoan) VALUES (140, 140, 'vobaohanh24', '123456', 'USER');
INSERT INTO TaiKhoan (ma_tai_khoan, ma_nguoi_dung, ten_tai_khoan, mat_khau, loai_tai_khoan) VALUES (141, 141, 'phamhoa27', '123456', 'USER');
INSERT INTO TaiKhoan (ma_tai_khoan, ma_nguoi_dung, ten_tai_khoan, mat_khau, loai_tai_khoan) VALUES (142, 142, 'ngolinh15', '123456', 'USER');
INSERT INTO TaiKhoan (ma_tai_khoan, ma_nguoi_dung, ten_tai_khoan, mat_khau, loai_tai_khoan) VALUES (143, 143, 'lehanh14', '123456', 'USER');
INSERT INTO TaiKhoan (ma_tai_khoan, ma_nguoi_dung, ten_tai_khoan, mat_khau, loai_tai_khoan) VALUES (144, 144, 'vuhieu48', '123456', 'USER');
INSERT INTO TaiKhoan (ma_tai_khoan, ma_nguoi_dung, ten_tai_khoan, mat_khau, loai_tai_khoan) VALUES (145, 145, 'hoangthiduong73', '123456', 'USER');
INSERT INTO TaiKhoan (ma_tai_khoan, ma_nguoi_dung, ten_tai_khoan, mat_khau, loai_tai_khoan) VALUES (146, 146, 'duonghanh24', '123456', 'USER');
INSERT INTO TaiKhoan (ma_tai_khoan, ma_nguoi_dung, ten_tai_khoan, mat_khau, loai_tai_khoan) VALUES (147, 147, 'tranminhtam22', '123456', 'USER');
INSERT INTO TaiKhoan (ma_tai_khoan, ma_nguoi_dung, ten_tai_khoan, mat_khau, loai_tai_khoan) VALUES (148, 148, 'ngotam40', '123456', 'USER');
INSERT INTO TaiKhoan (ma_tai_khoan, ma_nguoi_dung, ten_tai_khoan, mat_khau, loai_tai_khoan) VALUES (149, 149, 'nguyenhang78', '123456', 'USER');
INSERT INTO TaiKhoan (ma_tai_khoan, ma_nguoi_dung, ten_tai_khoan, mat_khau, loai_tai_khoan) VALUES (150, 150, 'phamquanglinh27', '123456', 'USER');
INSERT INTO TaiKhoan (ma_tai_khoan, ma_nguoi_dung, ten_tai_khoan, mat_khau, loai_tai_khoan) VALUES (151, 100, 'store_vuthanhduong59', '123456', 'STORE');
INSERT INTO TaiKhoan (ma_tai_khoan, ma_nguoi_dung, ten_tai_khoan, mat_khau, loai_tai_khoan) VALUES (152, 95, 'store_ngoduong86', '123456', 'STORE');
INSERT INTO TaiKhoan (ma_tai_khoan, ma_nguoi_dung, ten_tai_khoan, mat_khau, loai_tai_khoan) VALUES (153, 139, 'store_buitu54', '123456', 'STORE');
INSERT INTO TaiKhoan (ma_tai_khoan, ma_nguoi_dung, ten_tai_khoan, mat_khau, loai_tai_khoan) VALUES (154, 40, 'store_duonghanh54', '123456', 'STORE');
INSERT INTO TaiKhoan (ma_tai_khoan, ma_nguoi_dung, ten_tai_khoan, mat_khau, loai_tai_khoan) VALUES (155, 26, 'store_ngokhoa63', '123456', 'STORE');
INSERT INTO TaiKhoan (ma_tai_khoan, ma_nguoi_dung, ten_tai_khoan, mat_khau, loai_tai_khoan) VALUES (156, 105, 'store_hoangtam36', '123456', 'STORE');
INSERT INTO TaiKhoan (ma_tai_khoan, ma_nguoi_dung, ten_tai_khoan, mat_khau, loai_tai_khoan) VALUES (157, 9, 'store_vuhaihoa89', '123456', 'STORE');
INSERT INTO TaiKhoan (ma_tai_khoan, ma_nguoi_dung, ten_tai_khoan, mat_khau, loai_tai_khoan) VALUES (158, 95, 'store_ngoduong28', '123456', 'STORE');
INSERT INTO TaiKhoan (ma_tai_khoan, ma_nguoi_dung, ten_tai_khoan, mat_khau, loai_tai_khoan) VALUES (159, 114, 'store_phamhuuhanh57', '123456', 'STORE');
INSERT INTO TaiKhoan (ma_tai_khoan, ma_nguoi_dung, ten_tai_khoan, mat_khau, loai_tai_khoan) VALUES (160, 61, 'store_duonghanh47', '123456', 'STORE');
INSERT INTO TaiKhoan (ma_tai_khoan, ma_nguoi_dung, ten_tai_khoan, mat_khau, loai_tai_khoan) VALUES (161, 26, 'store_ngokhoa88', '123456', 'STORE');
INSERT INTO TaiKhoan (ma_tai_khoan, ma_nguoi_dung, ten_tai_khoan, mat_khau, loai_tai_khoan) VALUES (162, 95, 'store_ngoduong70', '123456', 'STORE');
INSERT INTO TaiKhoan (ma_tai_khoan, ma_nguoi_dung, ten_tai_khoan, mat_khau, loai_tai_khoan) VALUES (163, 92, 'store_dokhoa8', '123456', 'STORE');
INSERT INTO TaiKhoan (ma_tai_khoan, ma_nguoi_dung, ten_tai_khoan, mat_khau, loai_tai_khoan) VALUES (164, 102, 'store_donam36', '123456', 'STORE');
INSERT INTO TaiKhoan (ma_tai_khoan, ma_nguoi_dung, ten_tai_khoan, mat_khau, loai_tai_khoan) VALUES (165, 49, 'store_dangminhkhoa16', '123456', 'STORE');
INSERT INTO TaiKhoan (ma_tai_khoan, ma_nguoi_dung, ten_tai_khoan, mat_khau, loai_tai_khoan) VALUES (166, 117, 'store_buihuutrang12', '123456', 'STORE');
INSERT INTO TaiKhoan (ma_tai_khoan, ma_nguoi_dung, ten_tai_khoan, mat_khau, loai_tai_khoan) VALUES (167, 55, 'store_ngoquanghoa83', '123456', 'STORE');
INSERT INTO TaiKhoan (ma_tai_khoan, ma_nguoi_dung, ten_tai_khoan, mat_khau, loai_tai_khoan) VALUES (168, 6, 'store_huynhthanhnam7', '123456', 'STORE');
INSERT INTO TaiKhoan (ma_tai_khoan, ma_nguoi_dung, ten_tai_khoan, mat_khau, loai_tai_khoan) VALUES (169, 86, 'store_phanduong32', '123456', 'STORE');
INSERT INTO TaiKhoan (ma_tai_khoan, ma_nguoi_dung, ten_tai_khoan, mat_khau, loai_tai_khoan) VALUES (170, 33, 'store_huynhbaohoa73', '123456', 'STORE');
INSERT INTO TaiKhoan (ma_tai_khoan, ma_nguoi_dung, ten_tai_khoan, mat_khau, loai_tai_khoan) VALUES (171, 53, 'store_danghanh9', '123456', 'STORE');
INSERT INTO TaiKhoan (ma_tai_khoan, ma_nguoi_dung, ten_tai_khoan, mat_khau, loai_tai_khoan) VALUES (172, 142, 'store_ngolinh27', '123456', 'STORE');
INSERT INTO TaiKhoan (ma_tai_khoan, ma_nguoi_dung, ten_tai_khoan, mat_khau, loai_tai_khoan) VALUES (173, 56, 'store_ngokhanh30', '123456', 'STORE');
INSERT INTO TaiKhoan (ma_tai_khoan, ma_nguoi_dung, ten_tai_khoan, mat_khau, loai_tai_khoan) VALUES (174, 85, 'store_buibaolinh19', '123456', 'STORE');
INSERT INTO TaiKhoan (ma_tai_khoan, ma_nguoi_dung, ten_tai_khoan, mat_khau, loai_tai_khoan) VALUES (175, 1, 'store_nguyenkhoa36', '123456', 'STORE');
INSERT INTO TaiKhoan (ma_tai_khoan, ma_nguoi_dung, ten_tai_khoan, mat_khau, loai_tai_khoan) VALUES (176, 38, 'store_vutrang17', '123456', 'STORE');
INSERT INTO TaiKhoan (ma_tai_khoan, ma_nguoi_dung, ten_tai_khoan, mat_khau, loai_tai_khoan) VALUES (177, 139, 'store_buitu33', '123456', 'STORE');
INSERT INTO TaiKhoan (ma_tai_khoan, ma_nguoi_dung, ten_tai_khoan, mat_khau, loai_tai_khoan) VALUES (178, 45, 'store_danghuunhi15', '123456', 'STORE');
INSERT INTO TaiKhoan (ma_tai_khoan, ma_nguoi_dung, ten_tai_khoan, mat_khau, loai_tai_khoan) VALUES (179, 7, 'store_phanhuuhanh17', '123456', 'STORE');
INSERT INTO TaiKhoan (ma_tai_khoan, ma_nguoi_dung, ten_tai_khoan, mat_khau, loai_tai_khoan) VALUES (180, 4, 'store_dangngockhanh46', '123456', 'STORE');
INSERT INTO TaiKhoan (ma_tai_khoan, ma_nguoi_dung, ten_tai_khoan, mat_khau, loai_tai_khoan) VALUES (181, 1, 'admin', 'admin123', 'ADMIN');

-- select count(*) from TaiKhoan
-- 3. LoaiCuaHang
-- truncate table LoaiCuaHang
INSERT INTO LoaiCuaHang (ma_loai_cua_hang, ten_loai) VALUES (1, 'Thời trang');
INSERT INTO LoaiCuaHang (ma_loai_cua_hang, ten_loai) VALUES (2, 'Điện tử');
INSERT INTO LoaiCuaHang (ma_loai_cua_hang, ten_loai) VALUES (3, 'Gia dụng');
INSERT INTO LoaiCuaHang (ma_loai_cua_hang, ten_loai) VALUES (4, 'Mỹ phẩm');
INSERT INTO LoaiCuaHang (ma_loai_cua_hang, ten_loai) VALUES (5, 'Sách');
INSERT INTO LoaiCuaHang (ma_loai_cua_hang, ten_loai) VALUES (6, 'Đồ chơi');
INSERT INTO LoaiCuaHang (ma_loai_cua_hang, ten_loai) VALUES (7, 'Thể thao');
INSERT INTO LoaiCuaHang (ma_loai_cua_hang, ten_loai) VALUES (8, 'Điện lạnh');
INSERT INTO LoaiCuaHang (ma_loai_cua_hang, ten_loai) VALUES (9, 'Đồ văn phòng');
INSERT INTO LoaiCuaHang (ma_loai_cua_hang, ten_loai) VALUES (10, 'Trang sức');

-- select count(*) from LoaiCuaHang
-- 4. CuaHang
-- truncate table CuaHang
INSERT INTO CuaHang (ma_cua_hang, ma_tai_khoan, ten_cua_hang, dia_chi, ma_loai_cua_hang) VALUES (22597218, 151, 'Shop Sakura - Nha Trang', '9 Phan Đình Phùng, Quận Thanh Xuân, Hà Nội', 3);
INSERT INTO CuaHang (ma_cua_hang, ma_tai_khoan, ten_cua_hang, dia_chi, ma_loai_cua_hang) VALUES (22577812, 152, 'Shop Việt Store - TP. Hồ Chí Minh', '33 Bà Triệu, Quận 3, Nha Trang', 9);
INSERT INTO CuaHang (ma_cua_hang, ma_tai_khoan, ten_cua_hang, dia_chi, ma_loai_cua_hang) VALUES (22539535, 153, 'Siêu thị Anh Phương - Buôn Ma Thuột', '114 Phố Huế, Quận Hoàn Kiếm, Thái Nguyên', 9);
INSERT INTO CuaHang (ma_cua_hang, ma_tai_khoan, ten_cua_hang, dia_chi, ma_loai_cua_hang) VALUES (22564260, 154, 'Chuỗi VietShop - Hà Nội', '32 Bà Triệu, Quận 1, Huế', 2);
INSERT INTO CuaHang (ma_cua_hang, ma_tai_khoan, ten_cua_hang, dia_chi, ma_loai_cua_hang) VALUES (22536046, 155, 'Công ty TNHH VietShop - TP. Hồ Chí Minh', '165 Phố Huế, Quận Ba Đình, TP. Hồ Chí Minh', 3);
INSERT INTO CuaHang (ma_cua_hang, ma_tai_khoan, ten_cua_hang, dia_chi, ma_loai_cua_hang) VALUES (22566263, 156, 'Chuỗi Metro - Nha Trang', '196 Phố Huế, Quận 7, Cần Thơ', 8);
INSERT INTO CuaHang (ma_cua_hang, ma_tai_khoan, ten_cua_hang, dia_chi, ma_loai_cua_hang) VALUES (22529949, 157, 'Công ty TNHH Việt Store - TP. Hồ Chí Minh', '283 Lê Duẩn, Quận Hai Bà Trưng, Huế', 8);
INSERT INTO CuaHang (ma_cua_hang, ma_tai_khoan, ten_cua_hang, dia_chi, ma_loai_cua_hang) VALUES (22555936, 158, 'Cửa hàng Việt Store - Vinh', '205 Hai Bà Trưng, Quận Sơn Trà, TP. Hồ Chí Minh', 6);
INSERT INTO CuaHang (ma_cua_hang, ma_tai_khoan, ten_cua_hang, dia_chi, ma_loai_cua_hang) VALUES (22511957, 159, 'Chuỗi An Phát - Cần Thơ', '192 Phan Đình Phùng, Quận Liên Chiểu, Vinh', 2);
INSERT INTO CuaHang (ma_cua_hang, ma_tai_khoan, ten_cua_hang, dia_chi, ma_loai_cua_hang) VALUES (22572924, 160, 'Công ty TNHH Anh Phương - Huế', '50 Lê Duẩn, Quận Sơn Trà, Nha Trang', 3);
INSERT INTO CuaHang (ma_cua_hang, ma_tai_khoan, ten_cua_hang, dia_chi, ma_loai_cua_hang) VALUES (22546346, 161, 'Shop Minh Phát - Buôn Ma Thuột', '288 Lý Thường Kiệt, Quận Liên Chiểu, TP. Hồ Chí Minh', 7);
INSERT INTO CuaHang (ma_cua_hang, ma_tai_khoan, ten_cua_hang, dia_chi, ma_loai_cua_hang) VALUES (22575748, 162, 'Cơ sở Việt Store - Hà Nội', '148 Phố Huế, Quận Thanh Xuân, Nha Trang', 2);
INSERT INTO CuaHang (ma_cua_hang, ma_tai_khoan, ten_cua_hang, dia_chi, ma_loai_cua_hang) VALUES (22548176, 163, 'Công ty CP Metro - Đà Nẵng', '247 Lê Lợi, Quận Đống Đa, Nha Trang', 9);
INSERT INTO CuaHang (ma_cua_hang, ma_tai_khoan, ten_cua_hang, dia_chi, ma_loai_cua_hang) VALUES (22580422, 164, 'Cơ sở Anh Phương - Cần Thơ', '294 Lê Lợi, Quận 1, Buôn Ma Thuột', 10);
INSERT INTO CuaHang (ma_cua_hang, ma_tai_khoan, ten_cua_hang, dia_chi, ma_loai_cua_hang) VALUES (22544541, 165, 'Công ty TNHH Metro - Bắc Ninh', '137 Nguyễn Văn Cừ, Quận Ba Đình, Cần Thơ', 5);
INSERT INTO CuaHang (ma_cua_hang, ma_tai_khoan, ten_cua_hang, dia_chi, ma_loai_cua_hang) VALUES (22518595, 166, 'Công ty TNHH An Phát - Đà Nẵng', '74 Phố Huế, Quận Liên Chiểu, Huế', 2);
INSERT INTO CuaHang (ma_cua_hang, ma_tai_khoan, ten_cua_hang, dia_chi, ma_loai_cua_hang) VALUES (22520631, 167, 'Công ty TNHH Minh Phát - Buôn Ma Thuột', '111 Hai Bà Trưng, Quận 1, Vinh', 6);
INSERT INTO CuaHang (ma_cua_hang, ma_tai_khoan, ten_cua_hang, dia_chi, ma_loai_cua_hang) VALUES (22520632, 168, 'Cửa hàng An Phát - Nha Trang', '291 Phố Huế, Quận Đống Đa, Hà Nội', 3);
INSERT INTO CuaHang (ma_cua_hang, ma_tai_khoan, ten_cua_hang, dia_chi, ma_loai_cua_hang) VALUES (22579570, 169, 'Chuỗi Minh Phát - TP. Hồ Chí Minh', '140 Bà Triệu, Quận Liên Chiểu, Huế', 8);
INSERT INTO CuaHang (ma_cua_hang, ma_tai_khoan, ten_cua_hang, dia_chi, ma_loai_cua_hang) VALUES (22514534, 170, 'Siêu thị VietShop - Cần Thơ', '111 Nguyễn Thị Minh Khai, Quận Đống Đa, Nha Trang', 7);
INSERT INTO CuaHang (ma_cua_hang, ma_tai_khoan, ten_cua_hang, dia_chi, ma_loai_cua_hang) VALUES (22528903, 171, 'Chuỗi Hải Nam - Thái Nguyên', '250 Nguyễn Thị Minh Khai, Quận Liên Chiểu, Cần Thơ', 1);
INSERT INTO CuaHang (ma_cua_hang, ma_tai_khoan, ten_cua_hang, dia_chi, ma_loai_cua_hang) VALUES (22533491, 172, 'Shop Việt Store - Hà Nội', '4 Lê Lợi, Quận Thanh Xuân, Hải Phòng', 3);
INSERT INTO CuaHang (ma_cua_hang, ma_tai_khoan, ten_cua_hang, dia_chi, ma_loai_cua_hang) VALUES (22516932, 173, 'Cửa hàng Hải Nam - TP. Hồ Chí Minh', '4 Bà Triệu, Quận Sơn Trà, Huế', 3);
INSERT INTO CuaHang (ma_cua_hang, ma_tai_khoan, ten_cua_hang, dia_chi, ma_loai_cua_hang) VALUES (22552044, 174, 'Shop Việt Store - Hải Phòng', '257 Nguyễn Thị Minh Khai, Quận Liên Chiểu, Nha Trang', 2);
INSERT INTO CuaHang (ma_cua_hang, ma_tai_khoan, ten_cua_hang, dia_chi, ma_loai_cua_hang) VALUES (22575156, 175, 'Siêu thị Minh Phát - Hà Nội', '236 Trần Hưng Đạo, Quận Cầu Giấy, Bắc Ninh', 7);
INSERT INTO CuaHang (ma_cua_hang, ma_tai_khoan, ten_cua_hang, dia_chi, ma_loai_cua_hang) VALUES (22542568, 176, 'Chuỗi Việt Store - Thái Nguyên', '214 Điện Biên Phủ, Quận Đống Đa, Huế', 1);
INSERT INTO CuaHang (ma_cua_hang, ma_tai_khoan, ten_cua_hang, dia_chi, ma_loai_cua_hang) VALUES (22513875, 177, 'Cơ sở Hồng Hà - Bắc Ninh', '236 Lê Duẩn, Quận Cầu Giấy, TP. Hồ Chí Minh', 7);
INSERT INTO CuaHang (ma_cua_hang, ma_tai_khoan, ten_cua_hang, dia_chi, ma_loai_cua_hang) VALUES (22597754, 178, 'Siêu thị Sakura - Bắc Ninh', '206 Nguyễn Thị Minh Khai, Quận Đống Đa, Huế', 5);
INSERT INTO CuaHang (ma_cua_hang, ma_tai_khoan, ten_cua_hang, dia_chi, ma_loai_cua_hang) VALUES (22569547, 179, 'Công ty CP An Phát - Nha Trang', '87 Trần Hưng Đạo, Quận 7, Thái Nguyên', 2);
INSERT INTO CuaHang (ma_cua_hang, ma_tai_khoan, ten_cua_hang, dia_chi, ma_loai_cua_hang) VALUES (22513474, 180, 'Công ty CP Metro - Nha Trang', '180 Lê Duẩn, Quận Liên Chiểu, Đà Nẵng', 4);

-- select count(*) from CuaHang
-- 5. LoaiSanPham
-- truncate table LoaiSanPham
INSERT INTO LoaiSanPham (ma_loai_san_pham, ten_loai) VALUES (1, 'Áo len tăm');
INSERT INTO LoaiSanPham (ma_loai_san_pham, ten_loai) VALUES (2, 'Áo khoác');
INSERT INTO LoaiSanPham (ma_loai_san_pham, ten_loai) VALUES (3, 'Điện thoại');
INSERT INTO LoaiSanPham (ma_loai_san_pham, ten_loai) VALUES (4, 'Quần jean');
INSERT INTO LoaiSanPham (ma_loai_san_pham, ten_loai) VALUES (5, 'Giày thể thao');
INSERT INTO LoaiSanPham (ma_loai_san_pham, ten_loai) VALUES (6, 'Đồng hồ');
INSERT INTO LoaiSanPham (ma_loai_san_pham, ten_loai) VALUES (7, 'Túi xách');
INSERT INTO LoaiSanPham (ma_loai_san_pham, ten_loai) VALUES (8, 'Mỹ phẩm');
INSERT INTO LoaiSanPham (ma_loai_san_pham, ten_loai) VALUES (9, 'Sách');
INSERT INTO LoaiSanPham (ma_loai_san_pham, ten_loai) VALUES (10, 'Đồ chơi trẻ em');
INSERT INTO LoaiSanPham (ma_loai_san_pham, ten_loai) VALUES (11, 'Thể thao');
INSERT INTO LoaiSanPham (ma_loai_san_pham, ten_loai) VALUES (12, 'Điện lạnh');
INSERT INTO LoaiSanPham (ma_loai_san_pham, ten_loai) VALUES (13, 'Đồ gia dụng');
INSERT INTO LoaiSanPham (ma_loai_san_pham, ten_loai) VALUES (14, 'Đồ văn phòng');
INSERT INTO LoaiSanPham (ma_loai_san_pham, ten_loai) VALUES (15, 'Trang sức');

-- select count(*) from LoaiSanPham
-- 6. SanPham
-- truncate table SanPham
INSERT INTO SanPham (ma_san_pham, ma_cua_hang, ma_loai_san_pham, ten_san_pham, gia, so_luong) VALUES ('PRD001', 22536046, 5, 'Giày thể thao Trắng #178', 1363322, 29);
INSERT INTO SanPham (ma_san_pham, ma_cua_hang, ma_loai_san_pham, ten_san_pham, gia, so_luong) VALUES ('PRD002', 22575156, 13, 'Đồ gia dụng Xanh #182', 1720779, 90);
INSERT INTO SanPham (ma_san_pham, ma_cua_hang, ma_loai_san_pham, ten_san_pham, gia, so_luong) VALUES ('PRD003', 22518595, 8, 'Mỹ phẩm Xanh dương #698', 1949789, 82);
INSERT INTO SanPham (ma_san_pham, ma_cua_hang, ma_loai_san_pham, ten_san_pham, gia, so_luong) VALUES ('PRD004', 22528903, 11, 'Thể thao Vàng #885', 1415370, 50);
INSERT INTO SanPham (ma_san_pham, ma_cua_hang, ma_loai_san_pham, ten_san_pham, gia, so_luong) VALUES ('PRD005', 22536046, 8, 'Mỹ phẩm Xanh #481', 1027377, 90);
INSERT INTO SanPham (ma_san_pham, ma_cua_hang, ma_loai_san_pham, ten_san_pham, gia, so_luong) VALUES ('PRD006', 22572924, 13, 'Đồ gia dụng Hồng #606', 217801, 55);
INSERT INTO SanPham (ma_san_pham, ma_cua_hang, ma_loai_san_pham, ten_san_pham, gia, so_luong) VALUES ('PRD007', 22520631, 2, 'Áo khoác Hồng #473', 1047732, 14);
INSERT INTO SanPham (ma_san_pham, ma_cua_hang, ma_loai_san_pham, ten_san_pham, gia, so_luong) VALUES ('PRD008', 22577812, 6, 'Đồng hồ Hồng #79', 1451963, 21);
INSERT INTO SanPham (ma_san_pham, ma_cua_hang, ma_loai_san_pham, ten_san_pham, gia, so_luong) VALUES ('PRD009', 22514534, 10, 'Đồ chơi trẻ em Xám #474', 1317038, 80);
INSERT INTO SanPham (ma_san_pham, ma_cua_hang, ma_loai_san_pham, ten_san_pham, gia, so_luong) VALUES ('PRD010', 22542568, 12, 'Điện lạnh Đỏ #461', 1798307, 83);
INSERT INTO SanPham (ma_san_pham, ma_cua_hang, ma_loai_san_pham, ten_san_pham, gia, so_luong) VALUES ('PRD011', 22528903, 4, 'Quần jean Vàng #620', 1097466, 74);
INSERT INTO SanPham (ma_san_pham, ma_cua_hang, ma_loai_san_pham, ten_san_pham, gia, so_luong) VALUES ('PRD012', 22536046, 1, 'Áo len tăm Xanh dương #106', 1800720, 53);
INSERT INTO SanPham (ma_san_pham, ma_cua_hang, ma_loai_san_pham, ten_san_pham, gia, so_luong) VALUES ('PRD013', 22516932, 2, 'Áo khoác Đen #41', 619556, 100);
INSERT INTO SanPham (ma_san_pham, ma_cua_hang, ma_loai_san_pham, ten_san_pham, gia, so_luong) VALUES ('PRD014', 22544541, 8, 'Mỹ phẩm Đen #373', 881927, 46);
INSERT INTO SanPham (ma_san_pham, ma_cua_hang, ma_loai_san_pham, ten_san_pham, gia, so_luong) VALUES ('PRD015', 22548176, 7, 'Túi xách Vàng #696', 1353857, 16);
INSERT INTO SanPham (ma_san_pham, ma_cua_hang, ma_loai_san_pham, ten_san_pham, gia, so_luong) VALUES ('PRD016', 22542568, 11, 'Thể thao Vàng #68', 791411, 22);
INSERT INTO SanPham (ma_san_pham, ma_cua_hang, ma_loai_san_pham, ten_san_pham, gia, so_luong) VALUES ('PRD017', 22520632, 11, 'Thể thao Xám #291', 628473, 94);
INSERT INTO SanPham (ma_san_pham, ma_cua_hang, ma_loai_san_pham, ten_san_pham, gia, so_luong) VALUES ('PRD018', 22513474, 10, 'Đồ chơi trẻ em Đen #342', 270922, 84);
INSERT INTO SanPham (ma_san_pham, ma_cua_hang, ma_loai_san_pham, ten_san_pham, gia, so_luong) VALUES ('PRD019', 22533491, 3, 'Điện thoại Vàng #318', 1475846, 99);
INSERT INTO SanPham (ma_san_pham, ma_cua_hang, ma_loai_san_pham, ten_san_pham, gia, so_luong) VALUES ('PRD020', 22533491, 7, 'Túi xách Đen #610', 1586532, 20);
INSERT INTO SanPham (ma_san_pham, ma_cua_hang, ma_loai_san_pham, ten_san_pham, gia, so_luong) VALUES ('PRD021', 22572924, 9, 'Sách Xám #659', 1760235, 52);
INSERT INTO SanPham (ma_san_pham, ma_cua_hang, ma_loai_san_pham, ten_san_pham, gia, so_luong) VALUES ('PRD022', 22513875, 3, 'Điện thoại Xanh #662', 1506048, 64);
INSERT INTO SanPham (ma_san_pham, ma_cua_hang, ma_loai_san_pham, ten_san_pham, gia, so_luong) VALUES ('PRD023', 22520631, 6, 'Đồng hồ Đỏ #372', 747739, 33);
INSERT INTO SanPham (ma_san_pham, ma_cua_hang, ma_loai_san_pham, ten_san_pham, gia, so_luong) VALUES ('PRD024', 22529949, 6, 'Đồng hồ Xanh dương #197', 575095, 27);
INSERT INTO SanPham (ma_san_pham, ma_cua_hang, ma_loai_san_pham, ten_san_pham, gia, so_luong) VALUES ('PRD025', 22536046, 2, 'Áo khoác Hồng #865', 1752807, 22);
INSERT INTO SanPham (ma_san_pham, ma_cua_hang, ma_loai_san_pham, ten_san_pham, gia, so_luong) VALUES ('PRD026', 22520631, 13, 'Đồ gia dụng Đỏ #678', 806246, 89);
INSERT INTO SanPham (ma_san_pham, ma_cua_hang, ma_loai_san_pham, ten_san_pham, gia, so_luong) VALUES ('PRD027', 22536046, 10, 'Đồ chơi trẻ em Xám #158', 440257, 33);
INSERT INTO SanPham (ma_san_pham, ma_cua_hang, ma_loai_san_pham, ten_san_pham, gia, so_luong) VALUES ('PRD028', 22513875, 12, 'Điện lạnh Đen #739', 1017867, 15);
INSERT INTO SanPham (ma_san_pham, ma_cua_hang, ma_loai_san_pham, ten_san_pham, gia, so_luong) VALUES ('PRD029', 22580422, 6, 'Đồng hồ Trắng #993', 1031552, 88);
INSERT INTO SanPham (ma_san_pham, ma_cua_hang, ma_loai_san_pham, ten_san_pham, gia, so_luong) VALUES ('PRD030', 22572924, 13, 'Đồ gia dụng Xanh dương #240', 1219902, 40);
INSERT INTO SanPham (ma_san_pham, ma_cua_hang, ma_loai_san_pham, ten_san_pham, gia, so_luong) VALUES ('PRD031', 22572924, 13, 'Đồ gia dụng Xanh dương #926', 1851359, 34);
INSERT INTO SanPham (ma_san_pham, ma_cua_hang, ma_loai_san_pham, ten_san_pham, gia, so_luong) VALUES ('PRD032', 22575748, 11, 'Thể thao Xanh dương #473', 1713629, 46);
INSERT INTO SanPham (ma_san_pham, ma_cua_hang, ma_loai_san_pham, ten_san_pham, gia, so_luong) VALUES ('PRD033', 22575156, 7, 'Túi xách Xám #990', 439860, 35);
INSERT INTO SanPham (ma_san_pham, ma_cua_hang, ma_loai_san_pham, ten_san_pham, gia, so_luong) VALUES ('PRD034', 22542568, 10, 'Đồ chơi trẻ em Đen #894', 624294, 16);
INSERT INTO SanPham (ma_san_pham, ma_cua_hang, ma_loai_san_pham, ten_san_pham, gia, so_luong) VALUES ('PRD035', 22528903, 8, 'Mỹ phẩm Vàng #568', 315146, 76);
INSERT INTO SanPham (ma_san_pham, ma_cua_hang, ma_loai_san_pham, ten_san_pham, gia, so_luong) VALUES ('PRD036', 22597754, 2, 'Áo khoác Hồng #86', 1700371, 30);
INSERT INTO SanPham (ma_san_pham, ma_cua_hang, ma_loai_san_pham, ten_san_pham, gia, so_luong) VALUES ('PRD037', 22511957, 8, 'Mỹ phẩm Đen #851', 1017446, 21);
INSERT INTO SanPham (ma_san_pham, ma_cua_hang, ma_loai_san_pham, ten_san_pham, gia, so_luong) VALUES ('PRD038', 22513474, 4, 'Quần jean Xanh dương #906', 833133, 13);
INSERT INTO SanPham (ma_san_pham, ma_cua_hang, ma_loai_san_pham, ten_san_pham, gia, so_luong) VALUES ('PRD039', 22580422, 1, 'Áo len tăm Xám #515', 884254, 40);
INSERT INTO SanPham (ma_san_pham, ma_cua_hang, ma_loai_san_pham, ten_san_pham, gia, so_luong) VALUES ('PRD040', 22548176, 2, 'Áo khoác Vàng #230', 159113, 50);
INSERT INTO SanPham (ma_san_pham, ma_cua_hang, ma_loai_san_pham, ten_san_pham, gia, so_luong) VALUES ('PRD041', 22513474, 2, 'Áo khoác Vàng #811', 406287, 27);
INSERT INTO SanPham (ma_san_pham, ma_cua_hang, ma_loai_san_pham, ten_san_pham, gia, so_luong) VALUES ('PRD042', 22577812, 5, 'Giày thể thao Xanh dương #713', 1842965, 27);
INSERT INTO SanPham (ma_san_pham, ma_cua_hang, ma_loai_san_pham, ten_san_pham, gia, so_luong) VALUES ('PRD043', 22575156, 12, 'Điện lạnh Xanh dương #460', 1390478, 10);
INSERT INTO SanPham (ma_san_pham, ma_cua_hang, ma_loai_san_pham, ten_san_pham, gia, so_luong) VALUES ('PRD044', 22569547, 2, 'Áo khoác Đỏ #263', 552260, 29);
INSERT INTO SanPham (ma_san_pham, ma_cua_hang, ma_loai_san_pham, ten_san_pham, gia, so_luong) VALUES ('PRD045', 22520632, 12, 'Điện lạnh Xám #114', 1727751, 46);
INSERT INTO SanPham (ma_san_pham, ma_cua_hang, ma_loai_san_pham, ten_san_pham, gia, so_luong) VALUES ('PRD046', 22555936, 5, 'Giày thể thao Xanh #49', 600043, 63);
INSERT INTO SanPham (ma_san_pham, ma_cua_hang, ma_loai_san_pham, ten_san_pham, gia, so_luong) VALUES ('PRD047', 22528903, 13, 'Đồ gia dụng Xanh dương #65', 332485, 73);
INSERT INTO SanPham (ma_san_pham, ma_cua_hang, ma_loai_san_pham, ten_san_pham, gia, so_luong) VALUES ('PRD048', 22514534, 9, 'Sách Đỏ #648', 1180821, 83);
INSERT INTO SanPham (ma_san_pham, ma_cua_hang, ma_loai_san_pham, ten_san_pham, gia, so_luong) VALUES ('PRD049', 22555936, 12, 'Điện lạnh Đen #299', 1000179, 10);
INSERT INTO SanPham (ma_san_pham, ma_cua_hang, ma_loai_san_pham, ten_san_pham, gia, so_luong) VALUES ('PRD050', 22514534, 6, 'Đồng hồ Trắng #585', 973605, 33);
INSERT INTO SanPham (ma_san_pham, ma_cua_hang, ma_loai_san_pham, ten_san_pham, gia, so_luong) VALUES ('PRD051', 22533491, 11, 'Thể thao Xanh #537', 856240, 18);
INSERT INTO SanPham (ma_san_pham, ma_cua_hang, ma_loai_san_pham, ten_san_pham, gia, so_luong) VALUES ('PRD052', 22520631, 9, 'Sách Đỏ #400', 1931508, 70);
INSERT INTO SanPham (ma_san_pham, ma_cua_hang, ma_loai_san_pham, ten_san_pham, gia, so_luong) VALUES ('PRD053', 22577812, 11, 'Thể thao Xám #383', 631943, 12);
INSERT INTO SanPham (ma_san_pham, ma_cua_hang, ma_loai_san_pham, ten_san_pham, gia, so_luong) VALUES ('PRD054', 22575748, 13, 'Đồ gia dụng Xanh #354', 605677, 94);
INSERT INTO SanPham (ma_san_pham, ma_cua_hang, ma_loai_san_pham, ten_san_pham, gia, so_luong) VALUES ('PRD055', 22528903, 2, 'Áo khoác Vàng #137', 192978, 55);
INSERT INTO SanPham (ma_san_pham, ma_cua_hang, ma_loai_san_pham, ten_san_pham, gia, so_luong) VALUES ('PRD056', 22520632, 6, 'Đồng hồ Đen #851', 1733980, 97);
INSERT INTO SanPham (ma_san_pham, ma_cua_hang, ma_loai_san_pham, ten_san_pham, gia, so_luong) VALUES ('PRD057', 22544541, 12, 'Điện lạnh Xanh dương #647', 482264, 27);
INSERT INTO SanPham (ma_san_pham, ma_cua_hang, ma_loai_san_pham, ten_san_pham, gia, so_luong) VALUES ('PRD058', 22539535, 12, 'Điện lạnh Xanh dương #38', 715393, 35);
INSERT INTO SanPham (ma_san_pham, ma_cua_hang, ma_loai_san_pham, ten_san_pham, gia, so_luong) VALUES ('PRD059', 22577812, 13, 'Đồ gia dụng Trắng #908', 187883, 50);
INSERT INTO SanPham (ma_san_pham, ma_cua_hang, ma_loai_san_pham, ten_san_pham, gia, so_luong) VALUES ('PRD060', 22513474, 5, 'Giày thể thao Xám #835', 1238817, 70);
INSERT INTO SanPham (ma_san_pham, ma_cua_hang, ma_loai_san_pham, ten_san_pham, gia, so_luong) VALUES ('PRD061', 22511957, 1, 'Áo len tăm Trắng #293', 848629, 16);
INSERT INTO SanPham (ma_san_pham, ma_cua_hang, ma_loai_san_pham, ten_san_pham, gia, so_luong) VALUES ('PRD062', 22597754, 11, 'Thể thao Vàng #280', 361043, 57);
INSERT INTO SanPham (ma_san_pham, ma_cua_hang, ma_loai_san_pham, ten_san_pham, gia, so_luong) VALUES ('PRD063', 22580422, 15, 'Trang sức Xám #762', 1022194, 59);
INSERT INTO SanPham (ma_san_pham, ma_cua_hang, ma_loai_san_pham, ten_san_pham, gia, so_luong) VALUES ('PRD064', 22546346, 3, 'Điện thoại Xanh dương #709', 1143382, 57);
INSERT INTO SanPham (ma_san_pham, ma_cua_hang, ma_loai_san_pham, ten_san_pham, gia, so_luong) VALUES ('PRD065', 22513474, 13, 'Đồ gia dụng Hồng #821', 273248, 64);
INSERT INTO SanPham (ma_san_pham, ma_cua_hang, ma_loai_san_pham, ten_san_pham, gia, so_luong) VALUES ('PRD066', 22539535, 7, 'Túi xách Đen #559', 716072, 51);
INSERT INTO SanPham (ma_san_pham, ma_cua_hang, ma_loai_san_pham, ten_san_pham, gia, so_luong) VALUES ('PRD067', 22564260, 2, 'Áo khoác Vàng #677', 720001, 49);
INSERT INTO SanPham (ma_san_pham, ma_cua_hang, ma_loai_san_pham, ten_san_pham, gia, so_luong) VALUES ('PRD068', 22544541, 10, 'Đồ chơi trẻ em Xám #171', 1546541, 66);
INSERT INTO SanPham (ma_san_pham, ma_cua_hang, ma_loai_san_pham, ten_san_pham, gia, so_luong) VALUES ('PRD069', 22575748, 8, 'Mỹ phẩm Đỏ #745', 1924600, 55);
INSERT INTO SanPham (ma_san_pham, ma_cua_hang, ma_loai_san_pham, ten_san_pham, gia, so_luong) VALUES ('PRD070', 22514534, 7, 'Túi xách Hồng #655', 1759849, 17);
INSERT INTO SanPham (ma_san_pham, ma_cua_hang, ma_loai_san_pham, ten_san_pham, gia, so_luong) VALUES ('PRD071', 22539535, 11, 'Thể thao Xám #373', 1176019, 96);
INSERT INTO SanPham (ma_san_pham, ma_cua_hang, ma_loai_san_pham, ten_san_pham, gia, so_luong) VALUES ('PRD072', 22566263, 1, 'Áo len tăm Đen #870', 1374172, 96);
INSERT INTO SanPham (ma_san_pham, ma_cua_hang, ma_loai_san_pham, ten_san_pham, gia, so_luong) VALUES ('PRD073', 22542568, 8, 'Mỹ phẩm Đỏ #130', 240998, 40);
INSERT INTO SanPham (ma_san_pham, ma_cua_hang, ma_loai_san_pham, ten_san_pham, gia, so_luong) VALUES ('PRD074', 22575156, 11, 'Thể thao Vàng #371', 902903, 82);
INSERT INTO SanPham (ma_san_pham, ma_cua_hang, ma_loai_san_pham, ten_san_pham, gia, so_luong) VALUES ('PRD075', 22577812, 10, 'Đồ chơi trẻ em Đen #696', 1043556, 57);
INSERT INTO SanPham (ma_san_pham, ma_cua_hang, ma_loai_san_pham, ten_san_pham, gia, so_luong) VALUES ('PRD076', 22575748, 8, 'Mỹ phẩm Xanh #588', 388767, 77);
INSERT INTO SanPham (ma_san_pham, ma_cua_hang, ma_loai_san_pham, ten_san_pham, gia, so_luong) VALUES ('PRD077', 22575748, 7, 'Túi xách Vàng #666', 684454, 41);
INSERT INTO SanPham (ma_san_pham, ma_cua_hang, ma_loai_san_pham, ten_san_pham, gia, so_luong) VALUES ('PRD078', 22564260, 1, 'Áo len tăm Đen #512', 1185790, 59);
INSERT INTO SanPham (ma_san_pham, ma_cua_hang, ma_loai_san_pham, ten_san_pham, gia, so_luong) VALUES ('PRD079', 22513474, 9, 'Sách Xanh #269', 1725218, 43);
INSERT INTO SanPham (ma_san_pham, ma_cua_hang, ma_loai_san_pham, ten_san_pham, gia, so_luong) VALUES ('PRD080', 22516932, 8, 'Mỹ phẩm Trắng #627', 698898, 98);
INSERT INTO SanPham (ma_san_pham, ma_cua_hang, ma_loai_san_pham, ten_san_pham, gia, so_luong) VALUES ('PRD081', 22513474, 8, 'Mỹ phẩm Trắng #126', 384643, 19);
INSERT INTO SanPham (ma_san_pham, ma_cua_hang, ma_loai_san_pham, ten_san_pham, gia, so_luong) VALUES ('PRD082', 22544541, 3, 'Điện thoại Xanh dương #90', 1799769, 97);
INSERT INTO SanPham (ma_san_pham, ma_cua_hang, ma_loai_san_pham, ten_san_pham, gia, so_luong) VALUES ('PRD083', 22597754, 6, 'Đồng hồ Vàng #727', 236187, 80);
INSERT INTO SanPham (ma_san_pham, ma_cua_hang, ma_loai_san_pham, ten_san_pham, gia, so_luong) VALUES ('PRD084', 22520632, 5, 'Giày thể thao Hồng #872', 430312, 100);
INSERT INTO SanPham (ma_san_pham, ma_cua_hang, ma_loai_san_pham, ten_san_pham, gia, so_luong) VALUES ('PRD085', 22513474, 12, 'Điện lạnh Đen #813', 858104, 75);
INSERT INTO SanPham (ma_san_pham, ma_cua_hang, ma_loai_san_pham, ten_san_pham, gia, so_luong) VALUES ('PRD086', 22555936, 2, 'Áo khoác Trắng #812', 391245, 40);
INSERT INTO SanPham (ma_san_pham, ma_cua_hang, ma_loai_san_pham, ten_san_pham, gia, so_luong) VALUES ('PRD087', 22542568, 8, 'Mỹ phẩm Đỏ #370', 1261867, 83);
INSERT INTO SanPham (ma_san_pham, ma_cua_hang, ma_loai_san_pham, ten_san_pham, gia, so_luong) VALUES ('PRD088', 22575748, 8, 'Mỹ phẩm Đen #627', 1954399, 21);
INSERT INTO SanPham (ma_san_pham, ma_cua_hang, ma_loai_san_pham, ten_san_pham, gia, so_luong) VALUES ('PRD089', 22539535, 5, 'Giày thể thao Xám #735', 1607578, 71);
INSERT INTO SanPham (ma_san_pham, ma_cua_hang, ma_loai_san_pham, ten_san_pham, gia, so_luong) VALUES ('PRD090', 22520631, 7, 'Túi xách Xám #844', 1305653, 19);
INSERT INTO SanPham (ma_san_pham, ma_cua_hang, ma_loai_san_pham, ten_san_pham, gia, so_luong) VALUES ('PRD091', 22536046, 6, 'Đồng hồ Xanh #461', 1076923, 97);
INSERT INTO SanPham (ma_san_pham, ma_cua_hang, ma_loai_san_pham, ten_san_pham, gia, so_luong) VALUES ('PRD092', 22520631, 6, 'Đồng hồ Đen #900', 1838651, 80);
INSERT INTO SanPham (ma_san_pham, ma_cua_hang, ma_loai_san_pham, ten_san_pham, gia, so_luong) VALUES ('PRD093', 22528903, 10, 'Đồ chơi trẻ em Đen #787', 370601, 65);
INSERT INTO SanPham (ma_san_pham, ma_cua_hang, ma_loai_san_pham, ten_san_pham, gia, so_luong) VALUES ('PRD094', 22520631, 15, 'Trang sức Đỏ #852', 360384, 76);
INSERT INTO SanPham (ma_san_pham, ma_cua_hang, ma_loai_san_pham, ten_san_pham, gia, so_luong) VALUES ('PRD095', 22536046, 5, 'Giày thể thao Đen #166', 776668, 100);
INSERT INTO SanPham (ma_san_pham, ma_cua_hang, ma_loai_san_pham, ten_san_pham, gia, so_luong) VALUES ('PRD096', 22555936, 6, 'Đồng hồ Hồng #867', 265381, 42);
INSERT INTO SanPham (ma_san_pham, ma_cua_hang, ma_loai_san_pham, ten_san_pham, gia, so_luong) VALUES ('PRD097', 22529949, 11, 'Thể thao Hồng #129', 1410766, 48);
INSERT INTO SanPham (ma_san_pham, ma_cua_hang, ma_loai_san_pham, ten_san_pham, gia, so_luong) VALUES ('PRD098', 22514534, 9, 'Sách Xanh #515', 1444248, 31);
INSERT INTO SanPham (ma_san_pham, ma_cua_hang, ma_loai_san_pham, ten_san_pham, gia, so_luong) VALUES ('PRD099', 22579570, 10, 'Đồ chơi trẻ em Đen #176', 1481462, 89);
INSERT INTO SanPham (ma_san_pham, ma_cua_hang, ma_loai_san_pham, ten_san_pham, gia, so_luong) VALUES ('PRD100', 22552044, 15, 'Trang sức Vàng #863', 1281992, 15);
INSERT INTO SanPham (ma_san_pham, ma_cua_hang, ma_loai_san_pham, ten_san_pham, gia, so_luong) VALUES ('PRD101', 22513875, 14, 'Đồ văn phòng Đỏ #84', 195340, 92);
INSERT INTO SanPham (ma_san_pham, ma_cua_hang, ma_loai_san_pham, ten_san_pham, gia, so_luong) VALUES ('PRD102', 22575156, 10, 'Đồ chơi trẻ em Hồng #667', 542097, 83);
INSERT INTO SanPham (ma_san_pham, ma_cua_hang, ma_loai_san_pham, ten_san_pham, gia, so_luong) VALUES ('PRD103', 22580422, 10, 'Đồ chơi trẻ em Đỏ #510', 1964361, 90);
INSERT INTO SanPham (ma_san_pham, ma_cua_hang, ma_loai_san_pham, ten_san_pham, gia, so_luong) VALUES ('PRD104', 22520632, 5, 'Giày thể thao Hồng #495', 613546, 97);
INSERT INTO SanPham (ma_san_pham, ma_cua_hang, ma_loai_san_pham, ten_san_pham, gia, so_luong) VALUES ('PRD105', 22548176, 5, 'Giày thể thao Xanh dương #75', 1544127, 17);
INSERT INTO SanPham (ma_san_pham, ma_cua_hang, ma_loai_san_pham, ten_san_pham, gia, so_luong) VALUES ('PRD106', 22566263, 8, 'Mỹ phẩm Xám #496', 1074005, 36);
INSERT INTO SanPham (ma_san_pham, ma_cua_hang, ma_loai_san_pham, ten_san_pham, gia, so_luong) VALUES ('PRD107', 22546346, 10, 'Đồ chơi trẻ em Đen #321', 1906665, 50);
INSERT INTO SanPham (ma_san_pham, ma_cua_hang, ma_loai_san_pham, ten_san_pham, gia, so_luong) VALUES ('PRD108', 22552044, 14, 'Đồ văn phòng Vàng #999', 936169, 26);
INSERT INTO SanPham (ma_san_pham, ma_cua_hang, ma_loai_san_pham, ten_san_pham, gia, so_luong) VALUES ('PRD109', 22575156, 6, 'Đồng hồ Xanh #327', 606961, 69);
INSERT INTO SanPham (ma_san_pham, ma_cua_hang, ma_loai_san_pham, ten_san_pham, gia, so_luong) VALUES ('PRD110', 22564260, 5, 'Giày thể thao Xanh dương #254', 395441, 22);
INSERT INTO SanPham (ma_san_pham, ma_cua_hang, ma_loai_san_pham, ten_san_pham, gia, so_luong) VALUES ('PRD111', 22577812, 5, 'Giày thể thao Xám #885', 1390540, 63);
INSERT INTO SanPham (ma_san_pham, ma_cua_hang, ma_loai_san_pham, ten_san_pham, gia, so_luong) VALUES ('PRD112', 22555936, 14, 'Đồ văn phòng Đen #834', 786682, 83);
INSERT INTO SanPham (ma_san_pham, ma_cua_hang, ma_loai_san_pham, ten_san_pham, gia, so_luong) VALUES ('PRD113', 22552044, 6, 'Đồng hồ Trắng #782', 434165, 73);
INSERT INTO SanPham (ma_san_pham, ma_cua_hang, ma_loai_san_pham, ten_san_pham, gia, so_luong) VALUES ('PRD114', 22520631, 8, 'Mỹ phẩm Xanh dương #901', 747056, 73);
INSERT INTO SanPham (ma_san_pham, ma_cua_hang, ma_loai_san_pham, ten_san_pham, gia, so_luong) VALUES ('PRD115', 22597218, 2, 'Áo khoác Xám #518', 1058882, 40);
INSERT INTO SanPham (ma_san_pham, ma_cua_hang, ma_loai_san_pham, ten_san_pham, gia, so_luong) VALUES ('PRD116', 22529949, 10, 'Đồ chơi trẻ em Vàng #50', 205990, 46);
INSERT INTO SanPham (ma_san_pham, ma_cua_hang, ma_loai_san_pham, ten_san_pham, gia, so_luong) VALUES ('PRD117', 22518595, 10, 'Đồ chơi trẻ em Xanh dương #293', 1225522, 11);
INSERT INTO SanPham (ma_san_pham, ma_cua_hang, ma_loai_san_pham, ten_san_pham, gia, so_luong) VALUES ('PRD118', 22597754, 2, 'Áo khoác Xám #138', 1950643, 43);
INSERT INTO SanPham (ma_san_pham, ma_cua_hang, ma_loai_san_pham, ten_san_pham, gia, so_luong) VALUES ('PRD119', 22552044, 6, 'Đồng hồ Xám #375', 194880, 61);
INSERT INTO SanPham (ma_san_pham, ma_cua_hang, ma_loai_san_pham, ten_san_pham, gia, so_luong) VALUES ('PRD120', 22577812, 10, 'Đồ chơi trẻ em Trắng #372', 1260192, 46);
INSERT INTO SanPham (ma_san_pham, ma_cua_hang, ma_loai_san_pham, ten_san_pham, gia, so_luong) VALUES ('PRD121', 22539535, 7, 'Túi xách Xanh dương #783', 1253133, 45);
INSERT INTO SanPham (ma_san_pham, ma_cua_hang, ma_loai_san_pham, ten_san_pham, gia, so_luong) VALUES ('PRD122', 22513875, 10, 'Đồ chơi trẻ em Xanh #132', 302755, 60);
INSERT INTO SanPham (ma_san_pham, ma_cua_hang, ma_loai_san_pham, ten_san_pham, gia, so_luong) VALUES ('PRD123', 22575748, 13, 'Đồ gia dụng Vàng #572', 866732, 28);
INSERT INTO SanPham (ma_san_pham, ma_cua_hang, ma_loai_san_pham, ten_san_pham, gia, so_luong) VALUES ('PRD124', 22529949, 10, 'Đồ chơi trẻ em Xám #513', 184420, 15);
INSERT INTO SanPham (ma_san_pham, ma_cua_hang, ma_loai_san_pham, ten_san_pham, gia, so_luong) VALUES ('PRD125', 22577812, 3, 'Điện thoại Vàng #824', 1093513, 76);
INSERT INTO SanPham (ma_san_pham, ma_cua_hang, ma_loai_san_pham, ten_san_pham, gia, so_luong) VALUES ('PRD126', 22544541, 3, 'Điện thoại Đen #336', 1385697, 50);
INSERT INTO SanPham (ma_san_pham, ma_cua_hang, ma_loai_san_pham, ten_san_pham, gia, so_luong) VALUES ('PRD127', 22566263, 7, 'Túi xách Hồng #608', 805426, 74);
INSERT INTO SanPham (ma_san_pham, ma_cua_hang, ma_loai_san_pham, ten_san_pham, gia, so_luong) VALUES ('PRD128', 22513875, 9, 'Sách Xanh dương #726', 1280537, 48);
INSERT INTO SanPham (ma_san_pham, ma_cua_hang, ma_loai_san_pham, ten_san_pham, gia, so_luong) VALUES ('PRD129', 22518595, 14, 'Đồ văn phòng Đỏ #378', 794659, 96);
INSERT INTO SanPham (ma_san_pham, ma_cua_hang, ma_loai_san_pham, ten_san_pham, gia, so_luong) VALUES ('PRD130', 22564260, 7, 'Túi xách Hồng #816', 1984851, 98);
INSERT INTO SanPham (ma_san_pham, ma_cua_hang, ma_loai_san_pham, ten_san_pham, gia, so_luong) VALUES ('PRD131', 22528903, 1, 'Áo len tăm Xanh dương #272', 1474873, 84);
INSERT INTO SanPham (ma_san_pham, ma_cua_hang, ma_loai_san_pham, ten_san_pham, gia, so_luong) VALUES ('PRD132', 22579570, 4, 'Quần jean Đỏ #598', 1107574, 31);
INSERT INTO SanPham (ma_san_pham, ma_cua_hang, ma_loai_san_pham, ten_san_pham, gia, so_luong) VALUES ('PRD133', 22520631, 11, 'Thể thao Xám #152', 1823148, 97);
INSERT INTO SanPham (ma_san_pham, ma_cua_hang, ma_loai_san_pham, ten_san_pham, gia, so_luong) VALUES ('PRD134', 22555936, 1, 'Áo len tăm Xanh #196', 139714, 66);
INSERT INTO SanPham (ma_san_pham, ma_cua_hang, ma_loai_san_pham, ten_san_pham, gia, so_luong) VALUES ('PRD135', 22546346, 7, 'Túi xách Đen #423', 1548084, 36);
INSERT INTO SanPham (ma_san_pham, ma_cua_hang, ma_loai_san_pham, ten_san_pham, gia, so_luong) VALUES ('PRD136', 22580422, 9, 'Sách Xanh dương #894', 1879175, 17);
INSERT INTO SanPham (ma_san_pham, ma_cua_hang, ma_loai_san_pham, ten_san_pham, gia, so_luong) VALUES ('PRD137', 22516932, 3, 'Điện thoại Trắng #575', 781678, 94);
INSERT INTO SanPham (ma_san_pham, ma_cua_hang, ma_loai_san_pham, ten_san_pham, gia, so_luong) VALUES ('PRD138', 22518595, 9, 'Sách Xám #322', 463189, 68);
INSERT INTO SanPham (ma_san_pham, ma_cua_hang, ma_loai_san_pham, ten_san_pham, gia, so_luong) VALUES ('PRD139', 22513474, 9, 'Sách Vàng #560', 842993, 96);
INSERT INTO SanPham (ma_san_pham, ma_cua_hang, ma_loai_san_pham, ten_san_pham, gia, so_luong) VALUES ('PRD140', 22575156, 14, 'Đồ văn phòng Hồng #625', 1115399, 34);
INSERT INTO SanPham (ma_san_pham, ma_cua_hang, ma_loai_san_pham, ten_san_pham, gia, so_luong) VALUES ('PRD141', 22555936, 5, 'Giày thể thao Hồng #231', 724142, 46);
INSERT INTO SanPham (ma_san_pham, ma_cua_hang, ma_loai_san_pham, ten_san_pham, gia, so_luong) VALUES ('PRD142', 22516932, 4, 'Quần jean Xanh dương #325', 1106220, 54);
INSERT INTO SanPham (ma_san_pham, ma_cua_hang, ma_loai_san_pham, ten_san_pham, gia, so_luong) VALUES ('PRD143', 22520632, 15, 'Trang sức Hồng #295', 355588, 83);
INSERT INTO SanPham (ma_san_pham, ma_cua_hang, ma_loai_san_pham, ten_san_pham, gia, so_luong) VALUES ('PRD144', 22533491, 9, 'Sách Xám #918', 927394, 54);
INSERT INTO SanPham (ma_san_pham, ma_cua_hang, ma_loai_san_pham, ten_san_pham, gia, so_luong) VALUES ('PRD145', 22575156, 13, 'Đồ gia dụng Đen #298', 188219, 46);
INSERT INTO SanPham (ma_san_pham, ma_cua_hang, ma_loai_san_pham, ten_san_pham, gia, so_luong) VALUES ('PRD146', 22516932, 2, 'Áo khoác Vàng #947', 1027729, 93);
INSERT INTO SanPham (ma_san_pham, ma_cua_hang, ma_loai_san_pham, ten_san_pham, gia, so_luong) VALUES ('PRD147', 22511957, 12, 'Điện lạnh Xanh dương #220', 523767, 78);
INSERT INTO SanPham (ma_san_pham, ma_cua_hang, ma_loai_san_pham, ten_san_pham, gia, so_luong) VALUES ('PRD148', 22511957, 15, 'Trang sức Hồng #141', 329064, 88);
INSERT INTO SanPham (ma_san_pham, ma_cua_hang, ma_loai_san_pham, ten_san_pham, gia, so_luong) VALUES ('PRD149', 22552044, 10, 'Đồ chơi trẻ em Trắng #249', 206462, 95);
INSERT INTO SanPham (ma_san_pham, ma_cua_hang, ma_loai_san_pham, ten_san_pham, gia, so_luong) VALUES ('PRD150', 22569547, 9, 'Sách Trắng #654', 588293, 16);

-- select count(*) from SanPham
-- 7. DonHang
-- truncate table DonHang
INSERT INTO DonHang (ma_don_hang, ma_tai_khoan, ngay_dat, trang_thai) VALUES ('DH202500001', 26, TO_DATE('2025-07-31','YYYY-MM-DD'), 'DANG_GIAO');
INSERT INTO DonHang (ma_don_hang, ma_tai_khoan, ngay_dat, trang_thai) VALUES ('DH202500002', 121, TO_DATE('2025-02-21','YYYY-MM-DD'), 'DA_XAC_NHAN');
INSERT INTO DonHang (ma_don_hang, ma_tai_khoan, ngay_dat, trang_thai) VALUES ('DH202500003', 2, TO_DATE('2025-10-09','YYYY-MM-DD'), 'DA_XAC_NHAN');
INSERT INTO DonHang (ma_don_hang, ma_tai_khoan, ngay_dat, trang_thai) VALUES ('DH202500004', 105, TO_DATE('2025-12-01','YYYY-MM-DD'), 'DA_GIAO');
INSERT INTO DonHang (ma_don_hang, ma_tai_khoan, ngay_dat, trang_thai) VALUES ('DH202500005', 123, TO_DATE('2025-11-30','YYYY-MM-DD'), 'DA_XAC_NHAN');
INSERT INTO DonHang (ma_don_hang, ma_tai_khoan, ngay_dat, trang_thai) VALUES ('DH202500006', 74, TO_DATE('2025-06-14','YYYY-MM-DD'), 'DANG_GIAO');
INSERT INTO DonHang (ma_don_hang, ma_tai_khoan, ngay_dat, trang_thai) VALUES ('DH202500007', 16, TO_DATE('2025-02-15','YYYY-MM-DD'), 'DA_HUY');
INSERT INTO DonHang (ma_don_hang, ma_tai_khoan, ngay_dat, trang_thai) VALUES ('DH202500008', 60, TO_DATE('2025-10-01','YYYY-MM-DD'), 'CHO_XAC_NHAN');
INSERT INTO DonHang (ma_don_hang, ma_tai_khoan, ngay_dat, trang_thai) VALUES ('DH202500009', 45, TO_DATE('2025-08-02','YYYY-MM-DD'), 'DA_XAC_NHAN');
INSERT INTO DonHang (ma_don_hang, ma_tai_khoan, ngay_dat, trang_thai) VALUES ('DH202500010', 10, TO_DATE('2025-07-23','YYYY-MM-DD'), 'DA_GIAO');
INSERT INTO DonHang (ma_don_hang, ma_tai_khoan, ngay_dat, trang_thai) VALUES ('DH202500011', 48, TO_DATE('2025-05-29','YYYY-MM-DD'), 'CHO_XAC_NHAN');
INSERT INTO DonHang (ma_don_hang, ma_tai_khoan, ngay_dat, trang_thai) VALUES ('DH202500012', 3, TO_DATE('2025-06-02','YYYY-MM-DD'), 'DA_HUY');
INSERT INTO DonHang (ma_don_hang, ma_tai_khoan, ngay_dat, trang_thai) VALUES ('DH202500013', 28, TO_DATE('2025-06-21','YYYY-MM-DD'), 'DANG_GIAO');
INSERT INTO DonHang (ma_don_hang, ma_tai_khoan, ngay_dat, trang_thai) VALUES ('DH202500014', 117, TO_DATE('2025-11-25','YYYY-MM-DD'), 'DA_HUY');
INSERT INTO DonHang (ma_don_hang, ma_tai_khoan, ngay_dat, trang_thai) VALUES ('DH202500015', 135, TO_DATE('2025-09-10','YYYY-MM-DD'), 'DA_XAC_NHAN');
INSERT INTO DonHang (ma_don_hang, ma_tai_khoan, ngay_dat, trang_thai) VALUES ('DH202500016', 130, TO_DATE('2025-08-28','YYYY-MM-DD'), 'DANG_GIAO');
INSERT INTO DonHang (ma_don_hang, ma_tai_khoan, ngay_dat, trang_thai) VALUES ('DH202500017', 50, TO_DATE('2025-02-27','YYYY-MM-DD'), 'DANG_GIAO');
INSERT INTO DonHang (ma_don_hang, ma_tai_khoan, ngay_dat, trang_thai) VALUES ('DH202500018', 42, TO_DATE('2025-08-23','YYYY-MM-DD'), 'DANG_GIAO');
INSERT INTO DonHang (ma_don_hang, ma_tai_khoan, ngay_dat, trang_thai) VALUES ('DH202500019', 48, TO_DATE('2025-01-08','YYYY-MM-DD'), 'DANG_GIAO');
INSERT INTO DonHang (ma_don_hang, ma_tai_khoan, ngay_dat, trang_thai) VALUES ('DH202500020', 76, TO_DATE('2025-10-18','YYYY-MM-DD'), 'DA_XAC_NHAN');
INSERT INTO DonHang (ma_don_hang, ma_tai_khoan, ngay_dat, trang_thai) VALUES ('DH202500021', 45, TO_DATE('2025-11-09','YYYY-MM-DD'), 'DA_GIAO');
INSERT INTO DonHang (ma_don_hang, ma_tai_khoan, ngay_dat, trang_thai) VALUES ('DH202500022', 110, TO_DATE('2025-09-21','YYYY-MM-DD'), 'DANG_GIAO');
INSERT INTO DonHang (ma_don_hang, ma_tai_khoan, ngay_dat, trang_thai) VALUES ('DH202500023', 23, TO_DATE('2025-07-25','YYYY-MM-DD'), 'CHO_XAC_NHAN');
INSERT INTO DonHang (ma_don_hang, ma_tai_khoan, ngay_dat, trang_thai) VALUES ('DH202500024', 48, TO_DATE('2025-03-13','YYYY-MM-DD'), 'DA_GIAO');
INSERT INTO DonHang (ma_don_hang, ma_tai_khoan, ngay_dat, trang_thai) VALUES ('DH202500025', 83, TO_DATE('2025-05-08','YYYY-MM-DD'), 'CHO_XAC_NHAN');
INSERT INTO DonHang (ma_don_hang, ma_tai_khoan, ngay_dat, trang_thai) VALUES ('DH202500026', 67, TO_DATE('2025-07-16','YYYY-MM-DD'), 'DA_XAC_NHAN');
INSERT INTO DonHang (ma_don_hang, ma_tai_khoan, ngay_dat, trang_thai) VALUES ('DH202500027', 115, TO_DATE('2025-05-17','YYYY-MM-DD'), 'DANG_GIAO');
INSERT INTO DonHang (ma_don_hang, ma_tai_khoan, ngay_dat, trang_thai) VALUES ('DH202500028', 78, TO_DATE('2025-10-26','YYYY-MM-DD'), 'DA_HUY');
INSERT INTO DonHang (ma_don_hang, ma_tai_khoan, ngay_dat, trang_thai) VALUES ('DH202500029', 3, TO_DATE('2025-05-14','YYYY-MM-DD'), 'DANG_GIAO');
INSERT INTO DonHang (ma_don_hang, ma_tai_khoan, ngay_dat, trang_thai) VALUES ('DH202500030', 61, TO_DATE('2025-02-01','YYYY-MM-DD'), 'CHO_XAC_NHAN');
INSERT INTO DonHang (ma_don_hang, ma_tai_khoan, ngay_dat, trang_thai) VALUES ('DH202500031', 120, TO_DATE('2025-06-07','YYYY-MM-DD'), 'DA_XAC_NHAN');
INSERT INTO DonHang (ma_don_hang, ma_tai_khoan, ngay_dat, trang_thai) VALUES ('DH202500032', 104, TO_DATE('2025-12-18','YYYY-MM-DD'), 'DA_HUY');
INSERT INTO DonHang (ma_don_hang, ma_tai_khoan, ngay_dat, trang_thai) VALUES ('DH202500033', 80, TO_DATE('2025-12-20','YYYY-MM-DD'), 'CHO_XAC_NHAN');
INSERT INTO DonHang (ma_don_hang, ma_tai_khoan, ngay_dat, trang_thai) VALUES ('DH202500034', 76, TO_DATE('2025-07-08','YYYY-MM-DD'), 'DA_HUY');
INSERT INTO DonHang (ma_don_hang, ma_tai_khoan, ngay_dat, trang_thai) VALUES ('DH202500035', 57, TO_DATE('2025-04-23','YYYY-MM-DD'), 'DA_XAC_NHAN');
INSERT INTO DonHang (ma_don_hang, ma_tai_khoan, ngay_dat, trang_thai) VALUES ('DH202500036', 123, TO_DATE('2025-03-20','YYYY-MM-DD'), 'DA_GIAO');
INSERT INTO DonHang (ma_don_hang, ma_tai_khoan, ngay_dat, trang_thai) VALUES ('DH202500037', 96, TO_DATE('2025-08-01','YYYY-MM-DD'), 'DA_HUY');
INSERT INTO DonHang (ma_don_hang, ma_tai_khoan, ngay_dat, trang_thai) VALUES ('DH202500038', 121, TO_DATE('2025-10-03','YYYY-MM-DD'), 'DA_XAC_NHAN');
INSERT INTO DonHang (ma_don_hang, ma_tai_khoan, ngay_dat, trang_thai) VALUES ('DH202500039', 64, TO_DATE('2025-12-15','YYYY-MM-DD'), 'DA_HUY');
INSERT INTO DonHang (ma_don_hang, ma_tai_khoan, ngay_dat, trang_thai) VALUES ('DH202500040', 21, TO_DATE('2025-09-27','YYYY-MM-DD'), 'DA_GIAO');
INSERT INTO DonHang (ma_don_hang, ma_tai_khoan, ngay_dat, trang_thai) VALUES ('DH202500041', 136, TO_DATE('2025-12-27','YYYY-MM-DD'), 'DANG_GIAO');
INSERT INTO DonHang (ma_don_hang, ma_tai_khoan, ngay_dat, trang_thai) VALUES ('DH202500042', 20, TO_DATE('2025-10-16','YYYY-MM-DD'), 'CHO_XAC_NHAN');
INSERT INTO DonHang (ma_don_hang, ma_tai_khoan, ngay_dat, trang_thai) VALUES ('DH202500043', 16, TO_DATE('2025-10-08','YYYY-MM-DD'), 'DA_HUY');
INSERT INTO DonHang (ma_don_hang, ma_tai_khoan, ngay_dat, trang_thai) VALUES ('DH202500044', 52, TO_DATE('2025-10-21','YYYY-MM-DD'), 'DA_HUY');
INSERT INTO DonHang (ma_don_hang, ma_tai_khoan, ngay_dat, trang_thai) VALUES ('DH202500045', 39, TO_DATE('2025-03-26','YYYY-MM-DD'), 'DANG_GIAO');
INSERT INTO DonHang (ma_don_hang, ma_tai_khoan, ngay_dat, trang_thai) VALUES ('DH202500046', 134, TO_DATE('2025-08-15','YYYY-MM-DD'), 'CHO_XAC_NHAN');
INSERT INTO DonHang (ma_don_hang, ma_tai_khoan, ngay_dat, trang_thai) VALUES ('DH202500047', 53, TO_DATE('2025-10-26','YYYY-MM-DD'), 'DA_GIAO');
INSERT INTO DonHang (ma_don_hang, ma_tai_khoan, ngay_dat, trang_thai) VALUES ('DH202500048', 24, TO_DATE('2025-09-19','YYYY-MM-DD'), 'DA_GIAO');
INSERT INTO DonHang (ma_don_hang, ma_tai_khoan, ngay_dat, trang_thai) VALUES ('DH202500049', 15, TO_DATE('2025-08-21','YYYY-MM-DD'), 'DA_XAC_NHAN');
INSERT INTO DonHang (ma_don_hang, ma_tai_khoan, ngay_dat, trang_thai) VALUES ('DH202500050', 132, TO_DATE('2025-08-01','YYYY-MM-DD'), 'DA_GIAO');
INSERT INTO DonHang (ma_don_hang, ma_tai_khoan, ngay_dat, trang_thai) VALUES ('DH202500051', 145, TO_DATE('2025-01-30','YYYY-MM-DD'), 'DA_HUY');
INSERT INTO DonHang (ma_don_hang, ma_tai_khoan, ngay_dat, trang_thai) VALUES ('DH202500052', 119, TO_DATE('2025-12-11','YYYY-MM-DD'), 'DANG_GIAO');
INSERT INTO DonHang (ma_don_hang, ma_tai_khoan, ngay_dat, trang_thai) VALUES ('DH202500053', 6, TO_DATE('2025-07-22','YYYY-MM-DD'), 'DANG_GIAO');
INSERT INTO DonHang (ma_don_hang, ma_tai_khoan, ngay_dat, trang_thai) VALUES ('DH202500054', 1, TO_DATE('2025-04-22','YYYY-MM-DD'), 'DA_HUY');
INSERT INTO DonHang (ma_don_hang, ma_tai_khoan, ngay_dat, trang_thai) VALUES ('DH202500055', 19, TO_DATE('2025-01-24','YYYY-MM-DD'), 'DA_GIAO');
INSERT INTO DonHang (ma_don_hang, ma_tai_khoan, ngay_dat, trang_thai) VALUES ('DH202500056', 89, TO_DATE('2025-12-25','YYYY-MM-DD'), 'CHO_XAC_NHAN');
INSERT INTO DonHang (ma_don_hang, ma_tai_khoan, ngay_dat, trang_thai) VALUES ('DH202500057', 139, TO_DATE('2025-01-31','YYYY-MM-DD'), 'CHO_XAC_NHAN');
INSERT INTO DonHang (ma_don_hang, ma_tai_khoan, ngay_dat, trang_thai) VALUES ('DH202500058', 121, TO_DATE('2025-01-17','YYYY-MM-DD'), 'DANG_GIAO');
INSERT INTO DonHang (ma_don_hang, ma_tai_khoan, ngay_dat, trang_thai) VALUES ('DH202500059', 105, TO_DATE('2025-04-03','YYYY-MM-DD'), 'DA_XAC_NHAN');
INSERT INTO DonHang (ma_don_hang, ma_tai_khoan, ngay_dat, trang_thai) VALUES ('DH202500060', 108, TO_DATE('2025-07-11','YYYY-MM-DD'), 'DA_GIAO');
INSERT INTO DonHang (ma_don_hang, ma_tai_khoan, ngay_dat, trang_thai) VALUES ('DH202500061', 115, TO_DATE('2025-07-13','YYYY-MM-DD'), 'DA_GIAO');
INSERT INTO DonHang (ma_don_hang, ma_tai_khoan, ngay_dat, trang_thai) VALUES ('DH202500062', 21, TO_DATE('2025-12-16','YYYY-MM-DD'), 'DA_HUY');
INSERT INTO DonHang (ma_don_hang, ma_tai_khoan, ngay_dat, trang_thai) VALUES ('DH202500063', 35, TO_DATE('2025-12-01','YYYY-MM-DD'), 'DANG_GIAO');
INSERT INTO DonHang (ma_don_hang, ma_tai_khoan, ngay_dat, trang_thai) VALUES ('DH202500064', 31, TO_DATE('2025-04-02','YYYY-MM-DD'), 'DA_HUY');
INSERT INTO DonHang (ma_don_hang, ma_tai_khoan, ngay_dat, trang_thai) VALUES ('DH202500065', 101, TO_DATE('2025-09-28','YYYY-MM-DD'), 'DA_XAC_NHAN');
INSERT INTO DonHang (ma_don_hang, ma_tai_khoan, ngay_dat, trang_thai) VALUES ('DH202500066', 58, TO_DATE('2025-01-02','YYYY-MM-DD'), 'CHO_XAC_NHAN');
INSERT INTO DonHang (ma_don_hang, ma_tai_khoan, ngay_dat, trang_thai) VALUES ('DH202500067', 77, TO_DATE('2025-08-26','YYYY-MM-DD'), 'DA_HUY');
INSERT INTO DonHang (ma_don_hang, ma_tai_khoan, ngay_dat, trang_thai) VALUES ('DH202500068', 109, TO_DATE('2025-09-30','YYYY-MM-DD'), 'DA_GIAO');
INSERT INTO DonHang (ma_don_hang, ma_tai_khoan, ngay_dat, trang_thai) VALUES ('DH202500069', 59, TO_DATE('2025-05-07','YYYY-MM-DD'), 'DA_GIAO');
INSERT INTO DonHang (ma_don_hang, ma_tai_khoan, ngay_dat, trang_thai) VALUES ('DH202500070', 89, TO_DATE('2025-03-21','YYYY-MM-DD'), 'DANG_GIAO');
INSERT INTO DonHang (ma_don_hang, ma_tai_khoan, ngay_dat, trang_thai) VALUES ('DH202500071', 49, TO_DATE('2025-02-27','YYYY-MM-DD'), 'CHO_XAC_NHAN');
INSERT INTO DonHang (ma_don_hang, ma_tai_khoan, ngay_dat, trang_thai) VALUES ('DH202500072', 108, TO_DATE('2025-11-11','YYYY-MM-DD'), 'CHO_XAC_NHAN');
INSERT INTO DonHang (ma_don_hang, ma_tai_khoan, ngay_dat, trang_thai) VALUES ('DH202500073', 62, TO_DATE('2025-04-16','YYYY-MM-DD'), 'CHO_XAC_NHAN');
INSERT INTO DonHang (ma_don_hang, ma_tai_khoan, ngay_dat, trang_thai) VALUES ('DH202500074', 26, TO_DATE('2025-11-01','YYYY-MM-DD'), 'CHO_XAC_NHAN');
INSERT INTO DonHang (ma_don_hang, ma_tai_khoan, ngay_dat, trang_thai) VALUES ('DH202500075', 115, TO_DATE('2025-11-03','YYYY-MM-DD'), 'CHO_XAC_NHAN');
INSERT INTO DonHang (ma_don_hang, ma_tai_khoan, ngay_dat, trang_thai) VALUES ('DH202500076', 63, TO_DATE('2025-01-23','YYYY-MM-DD'), 'DA_GIAO');
INSERT INTO DonHang (ma_don_hang, ma_tai_khoan, ngay_dat, trang_thai) VALUES ('DH202500077', 113, TO_DATE('2025-04-30','YYYY-MM-DD'), 'DA_HUY');
INSERT INTO DonHang (ma_don_hang, ma_tai_khoan, ngay_dat, trang_thai) VALUES ('DH202500078', 56, TO_DATE('2025-01-29','YYYY-MM-DD'), 'DA_XAC_NHAN');
INSERT INTO DonHang (ma_don_hang, ma_tai_khoan, ngay_dat, trang_thai) VALUES ('DH202500079', 129, TO_DATE('2025-05-29','YYYY-MM-DD'), 'DA_XAC_NHAN');
INSERT INTO DonHang (ma_don_hang, ma_tai_khoan, ngay_dat, trang_thai) VALUES ('DH202500080', 148, TO_DATE('2025-06-13','YYYY-MM-DD'), 'DA_HUY');
INSERT INTO DonHang (ma_don_hang, ma_tai_khoan, ngay_dat, trang_thai) VALUES ('DH202500081', 83, TO_DATE('2025-05-02','YYYY-MM-DD'), 'DANG_GIAO');
INSERT INTO DonHang (ma_don_hang, ma_tai_khoan, ngay_dat, trang_thai) VALUES ('DH202500082', 37, TO_DATE('2025-12-05','YYYY-MM-DD'), 'DA_HUY');
INSERT INTO DonHang (ma_don_hang, ma_tai_khoan, ngay_dat, trang_thai) VALUES ('DH202500083', 57, TO_DATE('2025-07-31','YYYY-MM-DD'), 'DANG_GIAO');
INSERT INTO DonHang (ma_don_hang, ma_tai_khoan, ngay_dat, trang_thai) VALUES ('DH202500084', 71, TO_DATE('2025-02-01','YYYY-MM-DD'), 'DA_HUY');
INSERT INTO DonHang (ma_don_hang, ma_tai_khoan, ngay_dat, trang_thai) VALUES ('DH202500085', 45, TO_DATE('2025-11-17','YYYY-MM-DD'), 'DA_GIAO');
INSERT INTO DonHang (ma_don_hang, ma_tai_khoan, ngay_dat, trang_thai) VALUES ('DH202500086', 143, TO_DATE('2025-09-11','YYYY-MM-DD'), 'CHO_XAC_NHAN');
INSERT INTO DonHang (ma_don_hang, ma_tai_khoan, ngay_dat, trang_thai) VALUES ('DH202500087', 89, TO_DATE('2025-11-26','YYYY-MM-DD'), 'DA_GIAO');
INSERT INTO DonHang (ma_don_hang, ma_tai_khoan, ngay_dat, trang_thai) VALUES ('DH202500088', 135, TO_DATE('2025-06-13','YYYY-MM-DD'), 'DA_GIAO');
INSERT INTO DonHang (ma_don_hang, ma_tai_khoan, ngay_dat, trang_thai) VALUES ('DH202500089', 105, TO_DATE('2025-03-18','YYYY-MM-DD'), 'DANG_GIAO');
INSERT INTO DonHang (ma_don_hang, ma_tai_khoan, ngay_dat, trang_thai) VALUES ('DH202500090', 97, TO_DATE('2025-04-05','YYYY-MM-DD'), 'DA_HUY');
INSERT INTO DonHang (ma_don_hang, ma_tai_khoan, ngay_dat, trang_thai) VALUES ('DH202500091', 122, TO_DATE('2025-05-04','YYYY-MM-DD'), 'DA_XAC_NHAN');
INSERT INTO DonHang (ma_don_hang, ma_tai_khoan, ngay_dat, trang_thai) VALUES ('DH202500092', 77, TO_DATE('2025-12-29','YYYY-MM-DD'), 'DA_XAC_NHAN');
INSERT INTO DonHang (ma_don_hang, ma_tai_khoan, ngay_dat, trang_thai) VALUES ('DH202500093', 119, TO_DATE('2025-01-30','YYYY-MM-DD'), 'DA_HUY');
INSERT INTO DonHang (ma_don_hang, ma_tai_khoan, ngay_dat, trang_thai) VALUES ('DH202500094', 106, TO_DATE('2025-08-02','YYYY-MM-DD'), 'DA_HUY');
INSERT INTO DonHang (ma_don_hang, ma_tai_khoan, ngay_dat, trang_thai) VALUES ('DH202500095', 136, TO_DATE('2025-03-10','YYYY-MM-DD'), 'DA_GIAO');
INSERT INTO DonHang (ma_don_hang, ma_tai_khoan, ngay_dat, trang_thai) VALUES ('DH202500096', 63, TO_DATE('2025-05-11','YYYY-MM-DD'), 'DA_XAC_NHAN');
INSERT INTO DonHang (ma_don_hang, ma_tai_khoan, ngay_dat, trang_thai) VALUES ('DH202500097', 85, TO_DATE('2025-11-28','YYYY-MM-DD'), 'CHO_XAC_NHAN');
INSERT INTO DonHang (ma_don_hang, ma_tai_khoan, ngay_dat, trang_thai) VALUES ('DH202500098', 116, TO_DATE('2025-07-09','YYYY-MM-DD'), 'CHO_XAC_NHAN');
INSERT INTO DonHang (ma_don_hang, ma_tai_khoan, ngay_dat, trang_thai) VALUES ('DH202500099', 138, TO_DATE('2025-04-08','YYYY-MM-DD'), 'CHO_XAC_NHAN');
INSERT INTO DonHang (ma_don_hang, ma_tai_khoan, ngay_dat, trang_thai) VALUES ('DH202500100', 69, TO_DATE('2025-07-13','YYYY-MM-DD'), 'DA_HUY');
INSERT INTO DonHang (ma_don_hang, ma_tai_khoan, ngay_dat, trang_thai) VALUES ('DH202500101', 11, TO_DATE('2025-02-07','YYYY-MM-DD'), 'DA_XAC_NHAN');
INSERT INTO DonHang (ma_don_hang, ma_tai_khoan, ngay_dat, trang_thai) VALUES ('DH202500102', 144, TO_DATE('2025-04-22','YYYY-MM-DD'), 'DA_GIAO');
INSERT INTO DonHang (ma_don_hang, ma_tai_khoan, ngay_dat, trang_thai) VALUES ('DH202500103', 54, TO_DATE('2025-06-20','YYYY-MM-DD'), 'DANG_GIAO');
INSERT INTO DonHang (ma_don_hang, ma_tai_khoan, ngay_dat, trang_thai) VALUES ('DH202500104', 4, TO_DATE('2025-04-19','YYYY-MM-DD'), 'DA_XAC_NHAN');
INSERT INTO DonHang (ma_don_hang, ma_tai_khoan, ngay_dat, trang_thai) VALUES ('DH202500105', 31, TO_DATE('2025-09-03','YYYY-MM-DD'), 'DA_XAC_NHAN');
INSERT INTO DonHang (ma_don_hang, ma_tai_khoan, ngay_dat, trang_thai) VALUES ('DH202500106', 53, TO_DATE('2025-07-23','YYYY-MM-DD'), 'DA_XAC_NHAN');
INSERT INTO DonHang (ma_don_hang, ma_tai_khoan, ngay_dat, trang_thai) VALUES ('DH202500107', 142, TO_DATE('2025-06-14','YYYY-MM-DD'), 'DANG_GIAO');
INSERT INTO DonHang (ma_don_hang, ma_tai_khoan, ngay_dat, trang_thai) VALUES ('DH202500108', 98, TO_DATE('2025-08-27','YYYY-MM-DD'), 'DA_HUY');
INSERT INTO DonHang (ma_don_hang, ma_tai_khoan, ngay_dat, trang_thai) VALUES ('DH202500109', 92, TO_DATE('2025-06-07','YYYY-MM-DD'), 'DANG_GIAO');
INSERT INTO DonHang (ma_don_hang, ma_tai_khoan, ngay_dat, trang_thai) VALUES ('DH202500110', 93, TO_DATE('2025-09-20','YYYY-MM-DD'), 'DA_GIAO');
INSERT INTO DonHang (ma_don_hang, ma_tai_khoan, ngay_dat, trang_thai) VALUES ('DH202500111', 120, TO_DATE('2025-02-20','YYYY-MM-DD'), 'DA_GIAO');
INSERT INTO DonHang (ma_don_hang, ma_tai_khoan, ngay_dat, trang_thai) VALUES ('DH202500112', 82, TO_DATE('2025-04-15','YYYY-MM-DD'), 'DANG_GIAO');
INSERT INTO DonHang (ma_don_hang, ma_tai_khoan, ngay_dat, trang_thai) VALUES ('DH202500113', 81, TO_DATE('2025-07-31','YYYY-MM-DD'), 'CHO_XAC_NHAN');
INSERT INTO DonHang (ma_don_hang, ma_tai_khoan, ngay_dat, trang_thai) VALUES ('DH202500114', 145, TO_DATE('2025-04-24','YYYY-MM-DD'), 'DA_XAC_NHAN');
INSERT INTO DonHang (ma_don_hang, ma_tai_khoan, ngay_dat, trang_thai) VALUES ('DH202500115', 5, TO_DATE('2025-05-14','YYYY-MM-DD'), 'DA_HUY');
INSERT INTO DonHang (ma_don_hang, ma_tai_khoan, ngay_dat, trang_thai) VALUES ('DH202500116', 150, TO_DATE('2025-10-24','YYYY-MM-DD'), 'DA_GIAO');
INSERT INTO DonHang (ma_don_hang, ma_tai_khoan, ngay_dat, trang_thai) VALUES ('DH202500117', 76, TO_DATE('2025-03-20','YYYY-MM-DD'), 'DA_XAC_NHAN');
INSERT INTO DonHang (ma_don_hang, ma_tai_khoan, ngay_dat, trang_thai) VALUES ('DH202500118', 85, TO_DATE('2025-04-28','YYYY-MM-DD'), 'DA_GIAO');
INSERT INTO DonHang (ma_don_hang, ma_tai_khoan, ngay_dat, trang_thai) VALUES ('DH202500119', 146, TO_DATE('2025-05-06','YYYY-MM-DD'), 'DA_GIAO');
INSERT INTO DonHang (ma_don_hang, ma_tai_khoan, ngay_dat, trang_thai) VALUES ('DH202500120', 141, TO_DATE('2025-12-02','YYYY-MM-DD'), 'DANG_GIAO');
INSERT INTO DonHang (ma_don_hang, ma_tai_khoan, ngay_dat, trang_thai) VALUES ('DH202500121', 66, TO_DATE('2025-09-08','YYYY-MM-DD'), 'DA_GIAO');
INSERT INTO DonHang (ma_don_hang, ma_tai_khoan, ngay_dat, trang_thai) VALUES ('DH202500122', 118, TO_DATE('2025-03-28','YYYY-MM-DD'), 'DANG_GIAO');
INSERT INTO DonHang (ma_don_hang, ma_tai_khoan, ngay_dat, trang_thai) VALUES ('DH202500123', 44, TO_DATE('2025-03-13','YYYY-MM-DD'), 'DA_HUY');
INSERT INTO DonHang (ma_don_hang, ma_tai_khoan, ngay_dat, trang_thai) VALUES ('DH202500124', 126, TO_DATE('2025-04-05','YYYY-MM-DD'), 'DA_HUY');
INSERT INTO DonHang (ma_don_hang, ma_tai_khoan, ngay_dat, trang_thai) VALUES ('DH202500125', 16, TO_DATE('2025-09-26','YYYY-MM-DD'), 'CHO_XAC_NHAN');
INSERT INTO DonHang (ma_don_hang, ma_tai_khoan, ngay_dat, trang_thai) VALUES ('DH202500126', 20, TO_DATE('2025-12-09','YYYY-MM-DD'), 'CHO_XAC_NHAN');
INSERT INTO DonHang (ma_don_hang, ma_tai_khoan, ngay_dat, trang_thai) VALUES ('DH202500127', 2, TO_DATE('2025-07-31','YYYY-MM-DD'), 'DA_XAC_NHAN');
INSERT INTO DonHang (ma_don_hang, ma_tai_khoan, ngay_dat, trang_thai) VALUES ('DH202500128', 60, TO_DATE('2025-02-04','YYYY-MM-DD'), 'DA_XAC_NHAN');
INSERT INTO DonHang (ma_don_hang, ma_tai_khoan, ngay_dat, trang_thai) VALUES ('DH202500129', 3, TO_DATE('2025-04-22','YYYY-MM-DD'), 'DA_HUY');
INSERT INTO DonHang (ma_don_hang, ma_tai_khoan, ngay_dat, trang_thai) VALUES ('DH202500130', 117, TO_DATE('2025-07-11','YYYY-MM-DD'), 'CHO_XAC_NHAN');
INSERT INTO DonHang (ma_don_hang, ma_tai_khoan, ngay_dat, trang_thai) VALUES ('DH202500131', 124, TO_DATE('2025-12-04','YYYY-MM-DD'), 'DA_GIAO');
INSERT INTO DonHang (ma_don_hang, ma_tai_khoan, ngay_dat, trang_thai) VALUES ('DH202500132', 5, TO_DATE('2025-01-04','YYYY-MM-DD'), 'DA_HUY');
INSERT INTO DonHang (ma_don_hang, ma_tai_khoan, ngay_dat, trang_thai) VALUES ('DH202500133', 142, TO_DATE('2025-07-30','YYYY-MM-DD'), 'CHO_XAC_NHAN');
INSERT INTO DonHang (ma_don_hang, ma_tai_khoan, ngay_dat, trang_thai) VALUES ('DH202500134', 5, TO_DATE('2025-09-29','YYYY-MM-DD'), 'DANG_GIAO');
INSERT INTO DonHang (ma_don_hang, ma_tai_khoan, ngay_dat, trang_thai) VALUES ('DH202500135', 138, TO_DATE('2025-05-27','YYYY-MM-DD'), 'CHO_XAC_NHAN');
INSERT INTO DonHang (ma_don_hang, ma_tai_khoan, ngay_dat, trang_thai) VALUES ('DH202500136', 129, TO_DATE('2025-12-24','YYYY-MM-DD'), 'DA_GIAO');
INSERT INTO DonHang (ma_don_hang, ma_tai_khoan, ngay_dat, trang_thai) VALUES ('DH202500137', 46, TO_DATE('2025-02-24','YYYY-MM-DD'), 'CHO_XAC_NHAN');
INSERT INTO DonHang (ma_don_hang, ma_tai_khoan, ngay_dat, trang_thai) VALUES ('DH202500138', 135, TO_DATE('2025-03-18','YYYY-MM-DD'), 'DA_XAC_NHAN');
INSERT INTO DonHang (ma_don_hang, ma_tai_khoan, ngay_dat, trang_thai) VALUES ('DH202500139', 50, TO_DATE('2025-11-14','YYYY-MM-DD'), 'DA_HUY');
INSERT INTO DonHang (ma_don_hang, ma_tai_khoan, ngay_dat, trang_thai) VALUES ('DH202500140', 65, TO_DATE('2025-07-01','YYYY-MM-DD'), 'DANG_GIAO');
INSERT INTO DonHang (ma_don_hang, ma_tai_khoan, ngay_dat, trang_thai) VALUES ('DH202500141', 102, TO_DATE('2025-02-10','YYYY-MM-DD'), 'DANG_GIAO');
INSERT INTO DonHang (ma_don_hang, ma_tai_khoan, ngay_dat, trang_thai) VALUES ('DH202500142', 104, TO_DATE('2025-08-24','YYYY-MM-DD'), 'DA_HUY');
INSERT INTO DonHang (ma_don_hang, ma_tai_khoan, ngay_dat, trang_thai) VALUES ('DH202500143', 63, TO_DATE('2025-12-23','YYYY-MM-DD'), 'DA_XAC_NHAN');
INSERT INTO DonHang (ma_don_hang, ma_tai_khoan, ngay_dat, trang_thai) VALUES ('DH202500144', 77, TO_DATE('2025-12-17','YYYY-MM-DD'), 'CHO_XAC_NHAN');
INSERT INTO DonHang (ma_don_hang, ma_tai_khoan, ngay_dat, trang_thai) VALUES ('DH202500145', 9, TO_DATE('2025-02-17','YYYY-MM-DD'), 'DA_GIAO');
INSERT INTO DonHang (ma_don_hang, ma_tai_khoan, ngay_dat, trang_thai) VALUES ('DH202500146', 98, TO_DATE('2025-07-13','YYYY-MM-DD'), 'DA_HUY');
INSERT INTO DonHang (ma_don_hang, ma_tai_khoan, ngay_dat, trang_thai) VALUES ('DH202500147', 122, TO_DATE('2025-01-29','YYYY-MM-DD'), 'CHO_XAC_NHAN');
INSERT INTO DonHang (ma_don_hang, ma_tai_khoan, ngay_dat, trang_thai) VALUES ('DH202500148', 44, TO_DATE('2025-02-12','YYYY-MM-DD'), 'DA_GIAO');
INSERT INTO DonHang (ma_don_hang, ma_tai_khoan, ngay_dat, trang_thai) VALUES ('DH202500149', 112, TO_DATE('2025-11-27','YYYY-MM-DD'), 'DANG_GIAO');
INSERT INTO DonHang (ma_don_hang, ma_tai_khoan, ngay_dat, trang_thai) VALUES ('DH202500150', 145, TO_DATE('2025-02-18','YYYY-MM-DD'), 'DA_HUY');
INSERT INTO DonHang (ma_don_hang, ma_tai_khoan, ngay_dat, trang_thai) VALUES ('DH202500151', 11, TO_DATE('2025-04-28','YYYY-MM-DD'), 'DA_XAC_NHAN');
INSERT INTO DonHang (ma_don_hang, ma_tai_khoan, ngay_dat, trang_thai) VALUES ('DH202500152', 146, TO_DATE('2025-09-01','YYYY-MM-DD'), 'DANG_GIAO');
INSERT INTO DonHang (ma_don_hang, ma_tai_khoan, ngay_dat, trang_thai) VALUES ('DH202500153', 12, TO_DATE('2025-02-08','YYYY-MM-DD'), 'DANG_GIAO');
INSERT INTO DonHang (ma_don_hang, ma_tai_khoan, ngay_dat, trang_thai) VALUES ('DH202500154', 140, TO_DATE('2025-10-16','YYYY-MM-DD'), 'CHO_XAC_NHAN');
INSERT INTO DonHang (ma_don_hang, ma_tai_khoan, ngay_dat, trang_thai) VALUES ('DH202500155', 46, TO_DATE('2025-06-11','YYYY-MM-DD'), 'CHO_XAC_NHAN');
INSERT INTO DonHang (ma_don_hang, ma_tai_khoan, ngay_dat, trang_thai) VALUES ('DH202500156', 54, TO_DATE('2025-10-28','YYYY-MM-DD'), 'DA_XAC_NHAN');
INSERT INTO DonHang (ma_don_hang, ma_tai_khoan, ngay_dat, trang_thai) VALUES ('DH202500157', 102, TO_DATE('2025-02-09','YYYY-MM-DD'), 'DANG_GIAO');
INSERT INTO DonHang (ma_don_hang, ma_tai_khoan, ngay_dat, trang_thai) VALUES ('DH202500158', 42, TO_DATE('2025-10-16','YYYY-MM-DD'), 'DA_XAC_NHAN');
INSERT INTO DonHang (ma_don_hang, ma_tai_khoan, ngay_dat, trang_thai) VALUES ('DH202500159', 146, TO_DATE('2025-07-19','YYYY-MM-DD'), 'DA_HUY');
INSERT INTO DonHang (ma_don_hang, ma_tai_khoan, ngay_dat, trang_thai) VALUES ('DH202500160', 85, TO_DATE('2025-07-16','YYYY-MM-DD'), 'DA_XAC_NHAN');
INSERT INTO DonHang (ma_don_hang, ma_tai_khoan, ngay_dat, trang_thai) VALUES ('DH202500161', 21, TO_DATE('2025-09-14','YYYY-MM-DD'), 'DANG_GIAO');
INSERT INTO DonHang (ma_don_hang, ma_tai_khoan, ngay_dat, trang_thai) VALUES ('DH202500162', 14, TO_DATE('2025-02-20','YYYY-MM-DD'), 'DA_GIAO');
INSERT INTO DonHang (ma_don_hang, ma_tai_khoan, ngay_dat, trang_thai) VALUES ('DH202500163', 60, TO_DATE('2025-02-08','YYYY-MM-DD'), 'DANG_GIAO');
INSERT INTO DonHang (ma_don_hang, ma_tai_khoan, ngay_dat, trang_thai) VALUES ('DH202500164', 102, TO_DATE('2025-06-17','YYYY-MM-DD'), 'CHO_XAC_NHAN');
INSERT INTO DonHang (ma_don_hang, ma_tai_khoan, ngay_dat, trang_thai) VALUES ('DH202500165', 70, TO_DATE('2025-08-19','YYYY-MM-DD'), 'DA_GIAO');
INSERT INTO DonHang (ma_don_hang, ma_tai_khoan, ngay_dat, trang_thai) VALUES ('DH202500166', 59, TO_DATE('2025-07-02','YYYY-MM-DD'), 'DA_HUY');
INSERT INTO DonHang (ma_don_hang, ma_tai_khoan, ngay_dat, trang_thai) VALUES ('DH202500167', 97, TO_DATE('2025-08-10','YYYY-MM-DD'), 'DA_XAC_NHAN');
INSERT INTO DonHang (ma_don_hang, ma_tai_khoan, ngay_dat, trang_thai) VALUES ('DH202500168', 150, TO_DATE('2025-12-05','YYYY-MM-DD'), 'DA_GIAO');
INSERT INTO DonHang (ma_don_hang, ma_tai_khoan, ngay_dat, trang_thai) VALUES ('DH202500169', 22, TO_DATE('2025-11-13','YYYY-MM-DD'), 'DANG_GIAO');
INSERT INTO DonHang (ma_don_hang, ma_tai_khoan, ngay_dat, trang_thai) VALUES ('DH202500170', 64, TO_DATE('2025-02-07','YYYY-MM-DD'), 'CHO_XAC_NHAN');
INSERT INTO DonHang (ma_don_hang, ma_tai_khoan, ngay_dat, trang_thai) VALUES ('DH202500171', 69, TO_DATE('2025-03-20','YYYY-MM-DD'), 'DA_GIAO');
INSERT INTO DonHang (ma_don_hang, ma_tai_khoan, ngay_dat, trang_thai) VALUES ('DH202500172', 40, TO_DATE('2025-07-19','YYYY-MM-DD'), 'DANG_GIAO');
INSERT INTO DonHang (ma_don_hang, ma_tai_khoan, ngay_dat, trang_thai) VALUES ('DH202500173', 93, TO_DATE('2025-02-24','YYYY-MM-DD'), 'CHO_XAC_NHAN');
INSERT INTO DonHang (ma_don_hang, ma_tai_khoan, ngay_dat, trang_thai) VALUES ('DH202500174', 2, TO_DATE('2025-06-07','YYYY-MM-DD'), 'DA_GIAO');
INSERT INTO DonHang (ma_don_hang, ma_tai_khoan, ngay_dat, trang_thai) VALUES ('DH202500175', 93, TO_DATE('2025-05-19','YYYY-MM-DD'), 'CHO_XAC_NHAN');
INSERT INTO DonHang (ma_don_hang, ma_tai_khoan, ngay_dat, trang_thai) VALUES ('DH202500176', 34, TO_DATE('2025-02-14','YYYY-MM-DD'), 'DA_XAC_NHAN');
INSERT INTO DonHang (ma_don_hang, ma_tai_khoan, ngay_dat, trang_thai) VALUES ('DH202500177', 111, TO_DATE('2025-08-18','YYYY-MM-DD'), 'DA_HUY');
INSERT INTO DonHang (ma_don_hang, ma_tai_khoan, ngay_dat, trang_thai) VALUES ('DH202500178', 143, TO_DATE('2025-09-20','YYYY-MM-DD'), 'DA_GIAO');
INSERT INTO DonHang (ma_don_hang, ma_tai_khoan, ngay_dat, trang_thai) VALUES ('DH202500179', 27, TO_DATE('2025-01-14','YYYY-MM-DD'), 'CHO_XAC_NHAN');
INSERT INTO DonHang (ma_don_hang, ma_tai_khoan, ngay_dat, trang_thai) VALUES ('DH202500180', 91, TO_DATE('2025-10-11','YYYY-MM-DD'), 'CHO_XAC_NHAN');
INSERT INTO DonHang (ma_don_hang, ma_tai_khoan, ngay_dat, trang_thai) VALUES ('DH202500181', 84, TO_DATE('2025-07-17','YYYY-MM-DD'), 'CHO_XAC_NHAN');
INSERT INTO DonHang (ma_don_hang, ma_tai_khoan, ngay_dat, trang_thai) VALUES ('DH202500182', 75, TO_DATE('2025-07-31','YYYY-MM-DD'), 'DA_GIAO');
INSERT INTO DonHang (ma_don_hang, ma_tai_khoan, ngay_dat, trang_thai) VALUES ('DH202500183', 22, TO_DATE('2025-10-14','YYYY-MM-DD'), 'DA_XAC_NHAN');
INSERT INTO DonHang (ma_don_hang, ma_tai_khoan, ngay_dat, trang_thai) VALUES ('DH202500184', 147, TO_DATE('2025-09-24','YYYY-MM-DD'), 'DA_XAC_NHAN');
INSERT INTO DonHang (ma_don_hang, ma_tai_khoan, ngay_dat, trang_thai) VALUES ('DH202500185', 98, TO_DATE('2025-03-28','YYYY-MM-DD'), 'DA_XAC_NHAN');
INSERT INTO DonHang (ma_don_hang, ma_tai_khoan, ngay_dat, trang_thai) VALUES ('DH202500186', 69, TO_DATE('2025-06-04','YYYY-MM-DD'), 'DANG_GIAO');
INSERT INTO DonHang (ma_don_hang, ma_tai_khoan, ngay_dat, trang_thai) VALUES ('DH202500187', 127, TO_DATE('2025-03-16','YYYY-MM-DD'), 'CHO_XAC_NHAN');
INSERT INTO DonHang (ma_don_hang, ma_tai_khoan, ngay_dat, trang_thai) VALUES ('DH202500188', 43, TO_DATE('2025-08-11','YYYY-MM-DD'), 'DANG_GIAO');
INSERT INTO DonHang (ma_don_hang, ma_tai_khoan, ngay_dat, trang_thai) VALUES ('DH202500189', 108, TO_DATE('2025-06-03','YYYY-MM-DD'), 'DA_GIAO');
INSERT INTO DonHang (ma_don_hang, ma_tai_khoan, ngay_dat, trang_thai) VALUES ('DH202500190', 20, TO_DATE('2025-07-04','YYYY-MM-DD'), 'DANG_GIAO');
INSERT INTO DonHang (ma_don_hang, ma_tai_khoan, ngay_dat, trang_thai) VALUES ('DH202500191', 64, TO_DATE('2025-11-17','YYYY-MM-DD'), 'DA_GIAO');
INSERT INTO DonHang (ma_don_hang, ma_tai_khoan, ngay_dat, trang_thai) VALUES ('DH202500192', 51, TO_DATE('2025-08-23','YYYY-MM-DD'), 'CHO_XAC_NHAN');
INSERT INTO DonHang (ma_don_hang, ma_tai_khoan, ngay_dat, trang_thai) VALUES ('DH202500193', 35, TO_DATE('2025-06-05','YYYY-MM-DD'), 'CHO_XAC_NHAN');
INSERT INTO DonHang (ma_don_hang, ma_tai_khoan, ngay_dat, trang_thai) VALUES ('DH202500194', 102, TO_DATE('2025-06-20','YYYY-MM-DD'), 'DA_HUY');
INSERT INTO DonHang (ma_don_hang, ma_tai_khoan, ngay_dat, trang_thai) VALUES ('DH202500195', 98, TO_DATE('2025-06-18','YYYY-MM-DD'), 'DA_GIAO');
INSERT INTO DonHang (ma_don_hang, ma_tai_khoan, ngay_dat, trang_thai) VALUES ('DH202500196', 86, TO_DATE('2025-08-09','YYYY-MM-DD'), 'DA_HUY');
INSERT INTO DonHang (ma_don_hang, ma_tai_khoan, ngay_dat, trang_thai) VALUES ('DH202500197', 35, TO_DATE('2025-06-03','YYYY-MM-DD'), 'DANG_GIAO');
INSERT INTO DonHang (ma_don_hang, ma_tai_khoan, ngay_dat, trang_thai) VALUES ('DH202500198', 52, TO_DATE('2025-09-03','YYYY-MM-DD'), 'DANG_GIAO');
INSERT INTO DonHang (ma_don_hang, ma_tai_khoan, ngay_dat, trang_thai) VALUES ('DH202500199', 46, TO_DATE('2025-07-23','YYYY-MM-DD'), 'DANG_GIAO');
INSERT INTO DonHang (ma_don_hang, ma_tai_khoan, ngay_dat, trang_thai) VALUES ('DH202500200', 75, TO_DATE('2025-12-22','YYYY-MM-DD'), 'DA_GIAO');
INSERT INTO DonHang (ma_don_hang, ma_tai_khoan, ngay_dat, trang_thai) VALUES ('DH202500201', 148, TO_DATE('2025-05-05','YYYY-MM-DD'), 'DANG_GIAO');
INSERT INTO DonHang (ma_don_hang, ma_tai_khoan, ngay_dat, trang_thai) VALUES ('DH202500202', 97, TO_DATE('2025-05-24','YYYY-MM-DD'), 'DA_GIAO');
INSERT INTO DonHang (ma_don_hang, ma_tai_khoan, ngay_dat, trang_thai) VALUES ('DH202500203', 94, TO_DATE('2025-02-28','YYYY-MM-DD'), 'DA_HUY');
INSERT INTO DonHang (ma_don_hang, ma_tai_khoan, ngay_dat, trang_thai) VALUES ('DH202500204', 52, TO_DATE('2025-10-31','YYYY-MM-DD'), 'DA_HUY');
INSERT INTO DonHang (ma_don_hang, ma_tai_khoan, ngay_dat, trang_thai) VALUES ('DH202500205', 47, TO_DATE('2025-12-16','YYYY-MM-DD'), 'DA_HUY');
INSERT INTO DonHang (ma_don_hang, ma_tai_khoan, ngay_dat, trang_thai) VALUES ('DH202500206', 7, TO_DATE('2025-08-25','YYYY-MM-DD'), 'DA_XAC_NHAN');
INSERT INTO DonHang (ma_don_hang, ma_tai_khoan, ngay_dat, trang_thai) VALUES ('DH202500207', 113, TO_DATE('2025-05-30','YYYY-MM-DD'), 'CHO_XAC_NHAN');
INSERT INTO DonHang (ma_don_hang, ma_tai_khoan, ngay_dat, trang_thai) VALUES ('DH202500208', 105, TO_DATE('2025-12-11','YYYY-MM-DD'), 'DA_GIAO');
INSERT INTO DonHang (ma_don_hang, ma_tai_khoan, ngay_dat, trang_thai) VALUES ('DH202500209', 36, TO_DATE('2025-11-21','YYYY-MM-DD'), 'DANG_GIAO');
INSERT INTO DonHang (ma_don_hang, ma_tai_khoan, ngay_dat, trang_thai) VALUES ('DH202500210', 62, TO_DATE('2025-05-10','YYYY-MM-DD'), 'DA_XAC_NHAN');
INSERT INTO DonHang (ma_don_hang, ma_tai_khoan, ngay_dat, trang_thai) VALUES ('DH202500211', 109, TO_DATE('2025-07-13','YYYY-MM-DD'), 'CHO_XAC_NHAN');
INSERT INTO DonHang (ma_don_hang, ma_tai_khoan, ngay_dat, trang_thai) VALUES ('DH202500212', 115, TO_DATE('2025-11-03','YYYY-MM-DD'), 'DA_GIAO');
INSERT INTO DonHang (ma_don_hang, ma_tai_khoan, ngay_dat, trang_thai) VALUES ('DH202500213', 150, TO_DATE('2025-07-25','YYYY-MM-DD'), 'DA_HUY');
INSERT INTO DonHang (ma_don_hang, ma_tai_khoan, ngay_dat, trang_thai) VALUES ('DH202500214', 130, TO_DATE('2025-12-21','YYYY-MM-DD'), 'DA_GIAO');
INSERT INTO DonHang (ma_don_hang, ma_tai_khoan, ngay_dat, trang_thai) VALUES ('DH202500215', 140, TO_DATE('2025-01-19','YYYY-MM-DD'), 'DANG_GIAO');
INSERT INTO DonHang (ma_don_hang, ma_tai_khoan, ngay_dat, trang_thai) VALUES ('DH202500216', 138, TO_DATE('2025-11-01','YYYY-MM-DD'), 'CHO_XAC_NHAN');
INSERT INTO DonHang (ma_don_hang, ma_tai_khoan, ngay_dat, trang_thai) VALUES ('DH202500217', 28, TO_DATE('2025-05-08','YYYY-MM-DD'), 'DANG_GIAO');
INSERT INTO DonHang (ma_don_hang, ma_tai_khoan, ngay_dat, trang_thai) VALUES ('DH202500218', 43, TO_DATE('2025-11-28','YYYY-MM-DD'), 'DA_HUY');
INSERT INTO DonHang (ma_don_hang, ma_tai_khoan, ngay_dat, trang_thai) VALUES ('DH202500219', 12, TO_DATE('2025-10-16','YYYY-MM-DD'), 'DA_GIAO');
INSERT INTO DonHang (ma_don_hang, ma_tai_khoan, ngay_dat, trang_thai) VALUES ('DH202500220', 85, TO_DATE('2025-08-09','YYYY-MM-DD'), 'CHO_XAC_NHAN');
INSERT INTO DonHang (ma_don_hang, ma_tai_khoan, ngay_dat, trang_thai) VALUES ('DH202500221', 3, TO_DATE('2025-02-20','YYYY-MM-DD'), 'DANG_GIAO');
INSERT INTO DonHang (ma_don_hang, ma_tai_khoan, ngay_dat, trang_thai) VALUES ('DH202500222', 57, TO_DATE('2025-09-19','YYYY-MM-DD'), 'DA_HUY');
INSERT INTO DonHang (ma_don_hang, ma_tai_khoan, ngay_dat, trang_thai) VALUES ('DH202500223', 143, TO_DATE('2025-10-25','YYYY-MM-DD'), 'DA_HUY');
INSERT INTO DonHang (ma_don_hang, ma_tai_khoan, ngay_dat, trang_thai) VALUES ('DH202500224', 57, TO_DATE('2025-08-17','YYYY-MM-DD'), 'DANG_GIAO');
INSERT INTO DonHang (ma_don_hang, ma_tai_khoan, ngay_dat, trang_thai) VALUES ('DH202500225', 101, TO_DATE('2025-08-26','YYYY-MM-DD'), 'DA_HUY');
INSERT INTO DonHang (ma_don_hang, ma_tai_khoan, ngay_dat, trang_thai) VALUES ('DH202500226', 129, TO_DATE('2025-03-19','YYYY-MM-DD'), 'DANG_GIAO');
INSERT INTO DonHang (ma_don_hang, ma_tai_khoan, ngay_dat, trang_thai) VALUES ('DH202500227', 7, TO_DATE('2025-09-05','YYYY-MM-DD'), 'CHO_XAC_NHAN');
INSERT INTO DonHang (ma_don_hang, ma_tai_khoan, ngay_dat, trang_thai) VALUES ('DH202500228', 76, TO_DATE('2025-08-01','YYYY-MM-DD'), 'CHO_XAC_NHAN');
INSERT INTO DonHang (ma_don_hang, ma_tai_khoan, ngay_dat, trang_thai) VALUES ('DH202500229', 30, TO_DATE('2025-03-14','YYYY-MM-DD'), 'DANG_GIAO');
INSERT INTO DonHang (ma_don_hang, ma_tai_khoan, ngay_dat, trang_thai) VALUES ('DH202500230', 80, TO_DATE('2025-06-25','YYYY-MM-DD'), 'DA_GIAO');
INSERT INTO DonHang (ma_don_hang, ma_tai_khoan, ngay_dat, trang_thai) VALUES ('DH202500231', 53, TO_DATE('2025-09-24','YYYY-MM-DD'), 'DA_GIAO');
INSERT INTO DonHang (ma_don_hang, ma_tai_khoan, ngay_dat, trang_thai) VALUES ('DH202500232', 90, TO_DATE('2025-09-01','YYYY-MM-DD'), 'CHO_XAC_NHAN');
INSERT INTO DonHang (ma_don_hang, ma_tai_khoan, ngay_dat, trang_thai) VALUES ('DH202500233', 113, TO_DATE('2025-12-23','YYYY-MM-DD'), 'DA_GIAO');
INSERT INTO DonHang (ma_don_hang, ma_tai_khoan, ngay_dat, trang_thai) VALUES ('DH202500234', 82, TO_DATE('2025-02-04','YYYY-MM-DD'), 'DANG_GIAO');
INSERT INTO DonHang (ma_don_hang, ma_tai_khoan, ngay_dat, trang_thai) VALUES ('DH202500235', 12, TO_DATE('2025-12-30','YYYY-MM-DD'), 'CHO_XAC_NHAN');
INSERT INTO DonHang (ma_don_hang, ma_tai_khoan, ngay_dat, trang_thai) VALUES ('DH202500236', 6, TO_DATE('2025-06-25','YYYY-MM-DD'), 'CHO_XAC_NHAN');
INSERT INTO DonHang (ma_don_hang, ma_tai_khoan, ngay_dat, trang_thai) VALUES ('DH202500237', 43, TO_DATE('2025-05-05','YYYY-MM-DD'), 'DA_HUY');
INSERT INTO DonHang (ma_don_hang, ma_tai_khoan, ngay_dat, trang_thai) VALUES ('DH202500238', 45, TO_DATE('2025-10-10','YYYY-MM-DD'), 'DA_XAC_NHAN');
INSERT INTO DonHang (ma_don_hang, ma_tai_khoan, ngay_dat, trang_thai) VALUES ('DH202500239', 85, TO_DATE('2025-10-14','YYYY-MM-DD'), 'DA_GIAO');
INSERT INTO DonHang (ma_don_hang, ma_tai_khoan, ngay_dat, trang_thai) VALUES ('DH202500240', 119, TO_DATE('2025-04-29','YYYY-MM-DD'), 'DA_GIAO');
INSERT INTO DonHang (ma_don_hang, ma_tai_khoan, ngay_dat, trang_thai) VALUES ('DH202500241', 48, TO_DATE('2025-04-06','YYYY-MM-DD'), 'DA_GIAO');
INSERT INTO DonHang (ma_don_hang, ma_tai_khoan, ngay_dat, trang_thai) VALUES ('DH202500242', 102, TO_DATE('2025-01-15','YYYY-MM-DD'), 'DA_HUY');
INSERT INTO DonHang (ma_don_hang, ma_tai_khoan, ngay_dat, trang_thai) VALUES ('DH202500243', 51, TO_DATE('2025-08-19','YYYY-MM-DD'), 'DA_HUY');
INSERT INTO DonHang (ma_don_hang, ma_tai_khoan, ngay_dat, trang_thai) VALUES ('DH202500244', 110, TO_DATE('2025-07-19','YYYY-MM-DD'), 'CHO_XAC_NHAN');
INSERT INTO DonHang (ma_don_hang, ma_tai_khoan, ngay_dat, trang_thai) VALUES ('DH202500245', 55, TO_DATE('2025-04-16','YYYY-MM-DD'), 'DANG_GIAO');
INSERT INTO DonHang (ma_don_hang, ma_tai_khoan, ngay_dat, trang_thai) VALUES ('DH202500246', 17, TO_DATE('2025-10-23','YYYY-MM-DD'), 'CHO_XAC_NHAN');
INSERT INTO DonHang (ma_don_hang, ma_tai_khoan, ngay_dat, trang_thai) VALUES ('DH202500247', 138, TO_DATE('2025-04-06','YYYY-MM-DD'), 'DANG_GIAO');
INSERT INTO DonHang (ma_don_hang, ma_tai_khoan, ngay_dat, trang_thai) VALUES ('DH202500248', 84, TO_DATE('2025-04-11','YYYY-MM-DD'), 'DA_GIAO');
INSERT INTO DonHang (ma_don_hang, ma_tai_khoan, ngay_dat, trang_thai) VALUES ('DH202500249', 30, TO_DATE('2025-05-15','YYYY-MM-DD'), 'DA_GIAO');
INSERT INTO DonHang (ma_don_hang, ma_tai_khoan, ngay_dat, trang_thai) VALUES ('DH202500250', 136, TO_DATE('2025-11-24','YYYY-MM-DD'), 'DANG_GIAO');
INSERT INTO DonHang (ma_don_hang, ma_tai_khoan, ngay_dat, trang_thai) VALUES ('DH202500251', 100, TO_DATE('2025-11-09','YYYY-MM-DD'), 'DA_GIAO');
INSERT INTO DonHang (ma_don_hang, ma_tai_khoan, ngay_dat, trang_thai) VALUES ('DH202500252', 30, TO_DATE('2025-06-28','YYYY-MM-DD'), 'DANG_GIAO');
INSERT INTO DonHang (ma_don_hang, ma_tai_khoan, ngay_dat, trang_thai) VALUES ('DH202500253', 118, TO_DATE('2025-11-13','YYYY-MM-DD'), 'DA_XAC_NHAN');
INSERT INTO DonHang (ma_don_hang, ma_tai_khoan, ngay_dat, trang_thai) VALUES ('DH202500254', 77, TO_DATE('2025-11-11','YYYY-MM-DD'), 'DA_HUY');
INSERT INTO DonHang (ma_don_hang, ma_tai_khoan, ngay_dat, trang_thai) VALUES ('DH202500255', 22, TO_DATE('2025-12-11','YYYY-MM-DD'), 'DA_XAC_NHAN');
INSERT INTO DonHang (ma_don_hang, ma_tai_khoan, ngay_dat, trang_thai) VALUES ('DH202500256', 81, TO_DATE('2025-03-02','YYYY-MM-DD'), 'DA_XAC_NHAN');
INSERT INTO DonHang (ma_don_hang, ma_tai_khoan, ngay_dat, trang_thai) VALUES ('DH202500257', 79, TO_DATE('2025-03-01','YYYY-MM-DD'), 'DA_XAC_NHAN');
INSERT INTO DonHang (ma_don_hang, ma_tai_khoan, ngay_dat, trang_thai) VALUES ('DH202500258', 96, TO_DATE('2025-12-22','YYYY-MM-DD'), 'DA_XAC_NHAN');
INSERT INTO DonHang (ma_don_hang, ma_tai_khoan, ngay_dat, trang_thai) VALUES ('DH202500259', 131, TO_DATE('2025-07-18','YYYY-MM-DD'), 'DA_GIAO');
INSERT INTO DonHang (ma_don_hang, ma_tai_khoan, ngay_dat, trang_thai) VALUES ('DH202500260', 36, TO_DATE('2025-10-22','YYYY-MM-DD'), 'DA_GIAO');
INSERT INTO DonHang (ma_don_hang, ma_tai_khoan, ngay_dat, trang_thai) VALUES ('DH202500261', 109, TO_DATE('2025-04-06','YYYY-MM-DD'), 'DA_GIAO');
INSERT INTO DonHang (ma_don_hang, ma_tai_khoan, ngay_dat, trang_thai) VALUES ('DH202500262', 138, TO_DATE('2025-12-22','YYYY-MM-DD'), 'DA_XAC_NHAN');
INSERT INTO DonHang (ma_don_hang, ma_tai_khoan, ngay_dat, trang_thai) VALUES ('DH202500263', 143, TO_DATE('2025-03-27','YYYY-MM-DD'), 'DA_GIAO');
INSERT INTO DonHang (ma_don_hang, ma_tai_khoan, ngay_dat, trang_thai) VALUES ('DH202500264', 74, TO_DATE('2025-03-13','YYYY-MM-DD'), 'DA_XAC_NHAN');
INSERT INTO DonHang (ma_don_hang, ma_tai_khoan, ngay_dat, trang_thai) VALUES ('DH202500265', 81, TO_DATE('2025-08-19','YYYY-MM-DD'), 'DA_HUY');
INSERT INTO DonHang (ma_don_hang, ma_tai_khoan, ngay_dat, trang_thai) VALUES ('DH202500266', 14, TO_DATE('2025-07-03','YYYY-MM-DD'), 'CHO_XAC_NHAN');
INSERT INTO DonHang (ma_don_hang, ma_tai_khoan, ngay_dat, trang_thai) VALUES ('DH202500267', 125, TO_DATE('2025-03-11','YYYY-MM-DD'), 'DA_XAC_NHAN');
INSERT INTO DonHang (ma_don_hang, ma_tai_khoan, ngay_dat, trang_thai) VALUES ('DH202500268', 99, TO_DATE('2025-10-15','YYYY-MM-DD'), 'DA_HUY');
INSERT INTO DonHang (ma_don_hang, ma_tai_khoan, ngay_dat, trang_thai) VALUES ('DH202500269', 127, TO_DATE('2025-07-29','YYYY-MM-DD'), 'DA_GIAO');
INSERT INTO DonHang (ma_don_hang, ma_tai_khoan, ngay_dat, trang_thai) VALUES ('DH202500270', 107, TO_DATE('2025-12-30','YYYY-MM-DD'), 'DA_GIAO');
INSERT INTO DonHang (ma_don_hang, ma_tai_khoan, ngay_dat, trang_thai) VALUES ('DH202500271', 126, TO_DATE('2025-03-27','YYYY-MM-DD'), 'CHO_XAC_NHAN');
INSERT INTO DonHang (ma_don_hang, ma_tai_khoan, ngay_dat, trang_thai) VALUES ('DH202500272', 145, TO_DATE('2025-01-16','YYYY-MM-DD'), 'DA_XAC_NHAN');
INSERT INTO DonHang (ma_don_hang, ma_tai_khoan, ngay_dat, trang_thai) VALUES ('DH202500273', 75, TO_DATE('2025-01-17','YYYY-MM-DD'), 'DANG_GIAO');
INSERT INTO DonHang (ma_don_hang, ma_tai_khoan, ngay_dat, trang_thai) VALUES ('DH202500274', 58, TO_DATE('2025-10-03','YYYY-MM-DD'), 'DANG_GIAO');
INSERT INTO DonHang (ma_don_hang, ma_tai_khoan, ngay_dat, trang_thai) VALUES ('DH202500275', 44, TO_DATE('2025-08-23','YYYY-MM-DD'), 'DA_HUY');
INSERT INTO DonHang (ma_don_hang, ma_tai_khoan, ngay_dat, trang_thai) VALUES ('DH202500276', 127, TO_DATE('2025-10-09','YYYY-MM-DD'), 'DA_HUY');
INSERT INTO DonHang (ma_don_hang, ma_tai_khoan, ngay_dat, trang_thai) VALUES ('DH202500277', 29, TO_DATE('2025-10-21','YYYY-MM-DD'), 'CHO_XAC_NHAN');
INSERT INTO DonHang (ma_don_hang, ma_tai_khoan, ngay_dat, trang_thai) VALUES ('DH202500278', 69, TO_DATE('2025-10-06','YYYY-MM-DD'), 'DANG_GIAO');
INSERT INTO DonHang (ma_don_hang, ma_tai_khoan, ngay_dat, trang_thai) VALUES ('DH202500279', 139, TO_DATE('2025-01-22','YYYY-MM-DD'), 'DA_GIAO');
INSERT INTO DonHang (ma_don_hang, ma_tai_khoan, ngay_dat, trang_thai) VALUES ('DH202500280', 140, TO_DATE('2025-04-22','YYYY-MM-DD'), 'DA_GIAO');
INSERT INTO DonHang (ma_don_hang, ma_tai_khoan, ngay_dat, trang_thai) VALUES ('DH202500281', 27, TO_DATE('2025-12-01','YYYY-MM-DD'), 'DA_XAC_NHAN');
INSERT INTO DonHang (ma_don_hang, ma_tai_khoan, ngay_dat, trang_thai) VALUES ('DH202500282', 77, TO_DATE('2025-01-17','YYYY-MM-DD'), 'DA_GIAO');
INSERT INTO DonHang (ma_don_hang, ma_tai_khoan, ngay_dat, trang_thai) VALUES ('DH202500283', 68, TO_DATE('2025-06-28','YYYY-MM-DD'), 'CHO_XAC_NHAN');
INSERT INTO DonHang (ma_don_hang, ma_tai_khoan, ngay_dat, trang_thai) VALUES ('DH202500284', 113, TO_DATE('2025-03-02','YYYY-MM-DD'), 'DA_XAC_NHAN');
INSERT INTO DonHang (ma_don_hang, ma_tai_khoan, ngay_dat, trang_thai) VALUES ('DH202500285', 54, TO_DATE('2025-10-29','YYYY-MM-DD'), 'DANG_GIAO');
INSERT INTO DonHang (ma_don_hang, ma_tai_khoan, ngay_dat, trang_thai) VALUES ('DH202500286', 110, TO_DATE('2025-03-26','YYYY-MM-DD'), 'DA_HUY');
INSERT INTO DonHang (ma_don_hang, ma_tai_khoan, ngay_dat, trang_thai) VALUES ('DH202500287', 36, TO_DATE('2025-04-16','YYYY-MM-DD'), 'DA_XAC_NHAN');
INSERT INTO DonHang (ma_don_hang, ma_tai_khoan, ngay_dat, trang_thai) VALUES ('DH202500288', 16, TO_DATE('2025-10-19','YYYY-MM-DD'), 'DANG_GIAO');
INSERT INTO DonHang (ma_don_hang, ma_tai_khoan, ngay_dat, trang_thai) VALUES ('DH202500289', 137, TO_DATE('2025-05-24','YYYY-MM-DD'), 'DA_HUY');
INSERT INTO DonHang (ma_don_hang, ma_tai_khoan, ngay_dat, trang_thai) VALUES ('DH202500290', 138, TO_DATE('2025-03-28','YYYY-MM-DD'), 'DANG_GIAO');
INSERT INTO DonHang (ma_don_hang, ma_tai_khoan, ngay_dat, trang_thai) VALUES ('DH202500291', 75, TO_DATE('2025-05-29','YYYY-MM-DD'), 'DA_HUY');
INSERT INTO DonHang (ma_don_hang, ma_tai_khoan, ngay_dat, trang_thai) VALUES ('DH202500292', 69, TO_DATE('2025-09-21','YYYY-MM-DD'), 'CHO_XAC_NHAN');
INSERT INTO DonHang (ma_don_hang, ma_tai_khoan, ngay_dat, trang_thai) VALUES ('DH202500293', 35, TO_DATE('2025-07-30','YYYY-MM-DD'), 'CHO_XAC_NHAN');
INSERT INTO DonHang (ma_don_hang, ma_tai_khoan, ngay_dat, trang_thai) VALUES ('DH202500294', 71, TO_DATE('2025-12-02','YYYY-MM-DD'), 'DA_XAC_NHAN');
INSERT INTO DonHang (ma_don_hang, ma_tai_khoan, ngay_dat, trang_thai) VALUES ('DH202500295', 34, TO_DATE('2025-05-08','YYYY-MM-DD'), 'DA_XAC_NHAN');
INSERT INTO DonHang (ma_don_hang, ma_tai_khoan, ngay_dat, trang_thai) VALUES ('DH202500296', 83, TO_DATE('2025-05-07','YYYY-MM-DD'), 'DA_GIAO');
INSERT INTO DonHang (ma_don_hang, ma_tai_khoan, ngay_dat, trang_thai) VALUES ('DH202500297', 126, TO_DATE('2025-03-14','YYYY-MM-DD'), 'DA_HUY');
INSERT INTO DonHang (ma_don_hang, ma_tai_khoan, ngay_dat, trang_thai) VALUES ('DH202500298', 69, TO_DATE('2025-11-18','YYYY-MM-DD'), 'DA_GIAO');
INSERT INTO DonHang (ma_don_hang, ma_tai_khoan, ngay_dat, trang_thai) VALUES ('DH202500299', 97, TO_DATE('2025-08-20','YYYY-MM-DD'), 'CHO_XAC_NHAN');
INSERT INTO DonHang (ma_don_hang, ma_tai_khoan, ngay_dat, trang_thai) VALUES ('DH202500300', 24, TO_DATE('2025-07-26','YYYY-MM-DD'), 'DA_HUY');

-- select count(*) from DonHang
-- 8. ChiTietDonHang
-- truncate table ChiTietDonHang
INSERT INTO ChiTietDonHang (ma_don_hang, ma_san_pham, so_luong, don_gia) VALUES ('DH202500143', 'PRD095', 4, 776668);
INSERT INTO ChiTietDonHang (ma_don_hang, ma_san_pham, so_luong, don_gia) VALUES ('DH202500250', 'PRD084', 5, 430312);
INSERT INTO ChiTietDonHang (ma_don_hang, ma_san_pham, so_luong, don_gia) VALUES ('DH202500002', 'PRD024', 4, 575095);
INSERT INTO ChiTietDonHang (ma_don_hang, ma_san_pham, so_luong, don_gia) VALUES ('DH202500184', 'PRD017', 5, 628473);
INSERT INTO ChiTietDonHang (ma_don_hang, ma_san_pham, so_luong, don_gia) VALUES ('DH202500204', 'PRD056', 4, 1733980);
INSERT INTO ChiTietDonHang (ma_don_hang, ma_san_pham, so_luong, don_gia) VALUES ('DH202500109', 'PRD127', 3, 805426);
INSERT INTO ChiTietDonHang (ma_don_hang, ma_san_pham, so_luong, don_gia) VALUES ('DH202500166', 'PRD073', 3, 240998);
INSERT INTO ChiTietDonHang (ma_don_hang, ma_san_pham, so_luong, don_gia) VALUES ('DH202500281', 'PRD148', 2, 329064);
INSERT INTO ChiTietDonHang (ma_don_hang, ma_san_pham, so_luong, don_gia) VALUES ('DH202500290', 'PRD125', 3, 1093513);
INSERT INTO ChiTietDonHang (ma_don_hang, ma_san_pham, so_luong, don_gia) VALUES ('DH202500025', 'PRD012', 1, 1800720);
INSERT INTO ChiTietDonHang (ma_don_hang, ma_san_pham, so_luong, don_gia) VALUES ('DH202500236', 'PRD005', 1, 1027377);
INSERT INTO ChiTietDonHang (ma_don_hang, ma_san_pham, so_luong, don_gia) VALUES ('DH202500081', 'PRD113', 4, 434165);
INSERT INTO ChiTietDonHang (ma_don_hang, ma_san_pham, so_luong, don_gia) VALUES ('DH202500001', 'PRD110', 2, 395441);
INSERT INTO ChiTietDonHang (ma_don_hang, ma_san_pham, so_luong, don_gia) VALUES ('DH202500068', 'PRD078', 2, 1185790);
INSERT INTO ChiTietDonHang (ma_don_hang, ma_san_pham, so_luong, don_gia) VALUES ('DH202500141', 'PRD024', 3, 575095);
INSERT INTO ChiTietDonHang (ma_don_hang, ma_san_pham, so_luong, don_gia) VALUES ('DH202500129', 'PRD022', 3, 1506048);
INSERT INTO ChiTietDonHang (ma_don_hang, ma_san_pham, so_luong, don_gia) VALUES ('DH202500085', 'PRD014', 4, 881927);
INSERT INTO ChiTietDonHang (ma_don_hang, ma_san_pham, so_luong, don_gia) VALUES ('DH202500157', 'PRD060', 4, 1238817);
INSERT INTO ChiTietDonHang (ma_don_hang, ma_san_pham, so_luong, don_gia) VALUES ('DH202500047', 'PRD025', 1, 1752807);
INSERT INTO ChiTietDonHang (ma_don_hang, ma_san_pham, so_luong, don_gia) VALUES ('DH202500110', 'PRD123', 1, 866732);
INSERT INTO ChiTietDonHang (ma_don_hang, ma_san_pham, so_luong, don_gia) VALUES ('DH202500068', 'PRD058', 5, 715393);
INSERT INTO ChiTietDonHang (ma_don_hang, ma_san_pham, so_luong, don_gia) VALUES ('DH202500228', 'PRD003', 1, 1949789);
INSERT INTO ChiTietDonHang (ma_don_hang, ma_san_pham, so_luong, don_gia) VALUES ('DH202500176', 'PRD031', 4, 1851359);
INSERT INTO ChiTietDonHang (ma_don_hang, ma_san_pham, so_luong, don_gia) VALUES ('DH202500068', 'PRD123', 1, 866732);
INSERT INTO ChiTietDonHang (ma_don_hang, ma_san_pham, so_luong, don_gia) VALUES ('DH202500118', 'PRD099', 1, 1481462);
INSERT INTO ChiTietDonHang (ma_don_hang, ma_san_pham, so_luong, don_gia) VALUES ('DH202500053', 'PRD027', 3, 440257);
INSERT INTO ChiTietDonHang (ma_don_hang, ma_san_pham, so_luong, don_gia) VALUES ('DH202500189', 'PRD077', 2, 684454);
INSERT INTO ChiTietDonHang (ma_don_hang, ma_san_pham, so_luong, don_gia) VALUES ('DH202500196', 'PRD035', 2, 315146);
INSERT INTO ChiTietDonHang (ma_don_hang, ma_san_pham, so_luong, don_gia) VALUES ('DH202500036', 'PRD136', 5, 1879175);
INSERT INTO ChiTietDonHang (ma_don_hang, ma_san_pham, so_luong, don_gia) VALUES ('DH202500005', 'PRD043', 4, 1390478);
INSERT INTO ChiTietDonHang (ma_don_hang, ma_san_pham, so_luong, don_gia) VALUES ('DH202500180', 'PRD055', 2, 192978);
INSERT INTO ChiTietDonHang (ma_don_hang, ma_san_pham, so_luong, don_gia) VALUES ('DH202500211', 'PRD114', 2, 747056);
INSERT INTO ChiTietDonHang (ma_don_hang, ma_san_pham, so_luong, don_gia) VALUES ('DH202500045', 'PRD026', 2, 806246);
INSERT INTO ChiTietDonHang (ma_don_hang, ma_san_pham, so_luong, don_gia) VALUES ('DH202500064', 'PRD099', 3, 1481462);
INSERT INTO ChiTietDonHang (ma_don_hang, ma_san_pham, so_luong, don_gia) VALUES ('DH202500220', 'PRD081', 2, 384643);
INSERT INTO ChiTietDonHang (ma_don_hang, ma_san_pham, so_luong, don_gia) VALUES ('DH202500127', 'PRD071', 1, 1176019);
INSERT INTO ChiTietDonHang (ma_don_hang, ma_san_pham, so_luong, don_gia) VALUES ('DH202500128', 'PRD142', 5, 1106220);
INSERT INTO ChiTietDonHang (ma_don_hang, ma_san_pham, so_luong, don_gia) VALUES ('DH202500146', 'PRD007', 3, 1047732);
INSERT INTO ChiTietDonHang (ma_don_hang, ma_san_pham, so_luong, don_gia) VALUES ('DH202500106', 'PRD133', 5, 1823148);
INSERT INTO ChiTietDonHang (ma_don_hang, ma_san_pham, so_luong, don_gia) VALUES ('DH202500261', 'PRD049', 4, 1000179);
INSERT INTO ChiTietDonHang (ma_don_hang, ma_san_pham, so_luong, don_gia) VALUES ('DH202500152', 'PRD014', 2, 881927);
INSERT INTO ChiTietDonHang (ma_don_hang, ma_san_pham, so_luong, don_gia) VALUES ('DH202500254', 'PRD099', 1, 1481462);
INSERT INTO ChiTietDonHang (ma_don_hang, ma_san_pham, so_luong, don_gia) VALUES ('DH202500124', 'PRD128', 5, 1280537);
INSERT INTO ChiTietDonHang (ma_don_hang, ma_san_pham, so_luong, don_gia) VALUES ('DH202500037', 'PRD136', 1, 1879175);
INSERT INTO ChiTietDonHang (ma_don_hang, ma_san_pham, so_luong, don_gia) VALUES ('DH202500185', 'PRD082', 2, 1799769);
INSERT INTO ChiTietDonHang (ma_don_hang, ma_san_pham, so_luong, don_gia) VALUES ('DH202500199', 'PRD146', 4, 1027729);
INSERT INTO ChiTietDonHang (ma_don_hang, ma_san_pham, so_luong, don_gia) VALUES ('DH202500188', 'PRD140', 2, 1115399);
INSERT INTO ChiTietDonHang (ma_don_hang, ma_san_pham, so_luong, don_gia) VALUES ('DH202500242', 'PRD019', 1, 1475846);
INSERT INTO ChiTietDonHang (ma_don_hang, ma_san_pham, so_luong, don_gia) VALUES ('DH202500035', 'PRD004', 3, 1415370);
INSERT INTO ChiTietDonHang (ma_don_hang, ma_san_pham, so_luong, don_gia) VALUES ('DH202500111', 'PRD011', 1, 1097466);
INSERT INTO ChiTietDonHang (ma_don_hang, ma_san_pham, so_luong, don_gia) VALUES ('DH202500204', 'PRD130', 3, 1984851);
INSERT INTO ChiTietDonHang (ma_don_hang, ma_san_pham, so_luong, don_gia) VALUES ('DH202500257', 'PRD107', 4, 1906665);
INSERT INTO ChiTietDonHang (ma_don_hang, ma_san_pham, so_luong, don_gia) VALUES ('DH202500206', 'PRD022', 5, 1506048);
INSERT INTO ChiTietDonHang (ma_don_hang, ma_san_pham, so_luong, don_gia) VALUES ('DH202500276', 'PRD040', 3, 159113);
INSERT INTO ChiTietDonHang (ma_don_hang, ma_san_pham, so_luong, don_gia) VALUES ('DH202500043', 'PRD080', 1, 698898);
INSERT INTO ChiTietDonHang (ma_don_hang, ma_san_pham, so_luong, don_gia) VALUES ('DH202500262', 'PRD053', 2, 631943);
INSERT INTO ChiTietDonHang (ma_don_hang, ma_san_pham, so_luong, don_gia) VALUES ('DH202500275', 'PRD084', 4, 430312);
INSERT INTO ChiTietDonHang (ma_don_hang, ma_san_pham, so_luong, don_gia) VALUES ('DH202500034', 'PRD080', 4, 698898);
INSERT INTO ChiTietDonHang (ma_don_hang, ma_san_pham, so_luong, don_gia) VALUES ('DH202500123', 'PRD015', 2, 1353857);
INSERT INTO ChiTietDonHang (ma_don_hang, ma_san_pham, so_luong, don_gia) VALUES ('DH202500045', 'PRD112', 1, 786682);
INSERT INTO ChiTietDonHang (ma_don_hang, ma_san_pham, so_luong, don_gia) VALUES ('DH202500233', 'PRD015', 3, 1353857);
INSERT INTO ChiTietDonHang (ma_don_hang, ma_san_pham, so_luong, don_gia) VALUES ('DH202500090', 'PRD031', 1, 1851359);
INSERT INTO ChiTietDonHang (ma_don_hang, ma_san_pham, so_luong, don_gia) VALUES ('DH202500071', 'PRD003', 2, 1949789);
INSERT INTO ChiTietDonHang (ma_don_hang, ma_san_pham, so_luong, don_gia) VALUES ('DH202500255', 'PRD089', 5, 1607578);
INSERT INTO ChiTietDonHang (ma_don_hang, ma_san_pham, so_luong, don_gia) VALUES ('DH202500265', 'PRD067', 2, 720001);
INSERT INTO ChiTietDonHang (ma_don_hang, ma_san_pham, so_luong, don_gia) VALUES ('DH202500191', 'PRD033', 3, 439860);
INSERT INTO ChiTietDonHang (ma_don_hang, ma_san_pham, so_luong, don_gia) VALUES ('DH202500061', 'PRD008', 3, 1451963);
INSERT INTO ChiTietDonHang (ma_don_hang, ma_san_pham, so_luong, don_gia) VALUES ('DH202500220', 'PRD070', 5, 1759849);
INSERT INTO ChiTietDonHang (ma_don_hang, ma_san_pham, so_luong, don_gia) VALUES ('DH202500033', 'PRD068', 5, 1546541);
INSERT INTO ChiTietDonHang (ma_don_hang, ma_san_pham, so_luong, don_gia) VALUES ('DH202500040', 'PRD128', 4, 1280537);
INSERT INTO ChiTietDonHang (ma_don_hang, ma_san_pham, so_luong, don_gia) VALUES ('DH202500262', 'PRD093', 1, 370601);
INSERT INTO ChiTietDonHang (ma_don_hang, ma_san_pham, so_luong, don_gia) VALUES ('DH202500256', 'PRD146', 2, 1027729);
INSERT INTO ChiTietDonHang (ma_don_hang, ma_san_pham, so_luong, don_gia) VALUES ('DH202500189', 'PRD041', 3, 406287);
INSERT INTO ChiTietDonHang (ma_don_hang, ma_san_pham, so_luong, don_gia) VALUES ('DH202500053', 'PRD147', 1, 523767);
INSERT INTO ChiTietDonHang (ma_don_hang, ma_san_pham, so_luong, don_gia) VALUES ('DH202500117', 'PRD131', 1, 1474873);
INSERT INTO ChiTietDonHang (ma_don_hang, ma_san_pham, so_luong, don_gia) VALUES ('DH202500023', 'PRD004', 2, 1415370);
INSERT INTO ChiTietDonHang (ma_don_hang, ma_san_pham, so_luong, don_gia) VALUES ('DH202500024', 'PRD121', 3, 1253133);
INSERT INTO ChiTietDonHang (ma_don_hang, ma_san_pham, so_luong, don_gia) VALUES ('DH202500197', 'PRD039', 2, 884254);
INSERT INTO ChiTietDonHang (ma_don_hang, ma_san_pham, so_luong, don_gia) VALUES ('DH202500019', 'PRD142', 4, 1106220);
INSERT INTO ChiTietDonHang (ma_don_hang, ma_san_pham, so_luong, don_gia) VALUES ('DH202500115', 'PRD083', 2, 236187);
INSERT INTO ChiTietDonHang (ma_don_hang, ma_san_pham, so_luong, don_gia) VALUES ('DH202500214', 'PRD082', 3, 1799769);
INSERT INTO ChiTietDonHang (ma_don_hang, ma_san_pham, so_luong, don_gia) VALUES ('DH202500040', 'PRD147', 3, 523767);
INSERT INTO ChiTietDonHang (ma_don_hang, ma_san_pham, so_luong, don_gia) VALUES ('DH202500062', 'PRD129', 1, 794659);
INSERT INTO ChiTietDonHang (ma_don_hang, ma_san_pham, so_luong, don_gia) VALUES ('DH202500092', 'PRD058', 5, 715393);
INSERT INTO ChiTietDonHang (ma_don_hang, ma_san_pham, so_luong, don_gia) VALUES ('DH202500024', 'PRD103', 1, 1964361);
INSERT INTO ChiTietDonHang (ma_don_hang, ma_san_pham, so_luong, don_gia) VALUES ('DH202500239', 'PRD073', 3, 240998);
INSERT INTO ChiTietDonHang (ma_don_hang, ma_san_pham, so_luong, don_gia) VALUES ('DH202500168', 'PRD023', 5, 747739);
INSERT INTO ChiTietDonHang (ma_don_hang, ma_san_pham, so_luong, don_gia) VALUES ('DH202500234', 'PRD003', 3, 1949789);
INSERT INTO ChiTietDonHang (ma_don_hang, ma_san_pham, so_luong, don_gia) VALUES ('DH202500103', 'PRD075', 5, 1043556);
INSERT INTO ChiTietDonHang (ma_don_hang, ma_san_pham, so_luong, don_gia) VALUES ('DH202500156', 'PRD063', 4, 1022194);
INSERT INTO ChiTietDonHang (ma_don_hang, ma_san_pham, so_luong, don_gia) VALUES ('DH202500189', 'PRD127', 2, 805426);
INSERT INTO ChiTietDonHang (ma_don_hang, ma_san_pham, so_luong, don_gia) VALUES ('DH202500280', 'PRD063', 2, 1022194);
INSERT INTO ChiTietDonHang (ma_don_hang, ma_san_pham, so_luong, don_gia) VALUES ('DH202500004', 'PRD105', 1, 1544127);
INSERT INTO ChiTietDonHang (ma_don_hang, ma_san_pham, so_luong, don_gia) VALUES ('DH202500120', 'PRD139', 3, 842993);
INSERT INTO ChiTietDonHang (ma_don_hang, ma_san_pham, so_luong, don_gia) VALUES ('DH202500005', 'PRD086', 1, 391245);
INSERT INTO ChiTietDonHang (ma_don_hang, ma_san_pham, so_luong, don_gia) VALUES ('DH202500193', 'PRD079', 1, 1725218);
INSERT INTO ChiTietDonHang (ma_don_hang, ma_san_pham, so_luong, don_gia) VALUES ('DH202500106', 'PRD136', 2, 1879175);
INSERT INTO ChiTietDonHang (ma_don_hang, ma_san_pham, so_luong, don_gia) VALUES ('DH202500215', 'PRD126', 1, 1385697);
INSERT INTO ChiTietDonHang (ma_don_hang, ma_san_pham, so_luong, don_gia) VALUES ('DH202500073', 'PRD072', 1, 1374172);
INSERT INTO ChiTietDonHang (ma_don_hang, ma_san_pham, so_luong, don_gia) VALUES ('DH202500023', 'PRD060', 5, 1238817);
INSERT INTO ChiTietDonHang (ma_don_hang, ma_san_pham, so_luong, don_gia) VALUES ('DH202500212', 'PRD096', 4, 265381);
INSERT INTO ChiTietDonHang (ma_don_hang, ma_san_pham, so_luong, don_gia) VALUES ('DH202500044', 'PRD149', 1, 206462);
INSERT INTO ChiTietDonHang (ma_don_hang, ma_san_pham, so_luong, don_gia) VALUES ('DH202500259', 'PRD035', 4, 315146);
INSERT INTO ChiTietDonHang (ma_don_hang, ma_san_pham, so_luong, don_gia) VALUES ('DH202500039', 'PRD146', 1, 1027729);
INSERT INTO ChiTietDonHang (ma_don_hang, ma_san_pham, so_luong, don_gia) VALUES ('DH202500223', 'PRD034', 2, 624294);
INSERT INTO ChiTietDonHang (ma_don_hang, ma_san_pham, so_luong, don_gia) VALUES ('DH202500150', 'PRD067', 3, 720001);
INSERT INTO ChiTietDonHang (ma_don_hang, ma_san_pham, so_luong, don_gia) VALUES ('DH202500202', 'PRD084', 3, 430312);
INSERT INTO ChiTietDonHang (ma_don_hang, ma_san_pham, so_luong, don_gia) VALUES ('DH202500232', 'PRD070', 2, 1759849);
INSERT INTO ChiTietDonHang (ma_don_hang, ma_san_pham, so_luong, don_gia) VALUES ('DH202500039', 'PRD052', 2, 1931508);
INSERT INTO ChiTietDonHang (ma_don_hang, ma_san_pham, so_luong, don_gia) VALUES ('DH202500300', 'PRD028', 2, 1017867);
INSERT INTO ChiTietDonHang (ma_don_hang, ma_san_pham, so_luong, don_gia) VALUES ('DH202500055', 'PRD043', 4, 1390478);
INSERT INTO ChiTietDonHang (ma_don_hang, ma_san_pham, so_luong, don_gia) VALUES ('DH202500239', 'PRD081', 4, 384643);
INSERT INTO ChiTietDonHang (ma_don_hang, ma_san_pham, so_luong, don_gia) VALUES ('DH202500062', 'PRD138', 3, 463189);
INSERT INTO ChiTietDonHang (ma_don_hang, ma_san_pham, so_luong, don_gia) VALUES ('DH202500107', 'PRD116', 3, 205990);
INSERT INTO ChiTietDonHang (ma_don_hang, ma_san_pham, so_luong, don_gia) VALUES ('DH202500238', 'PRD068', 1, 1546541);
INSERT INTO ChiTietDonHang (ma_don_hang, ma_san_pham, so_luong, don_gia) VALUES ('DH202500047', 'PRD041', 3, 406287);
INSERT INTO ChiTietDonHang (ma_don_hang, ma_san_pham, so_luong, don_gia) VALUES ('DH202500021', 'PRD056', 3, 1733980);
INSERT INTO ChiTietDonHang (ma_don_hang, ma_san_pham, so_luong, don_gia) VALUES ('DH202500076', 'PRD024', 2, 575095);
INSERT INTO ChiTietDonHang (ma_don_hang, ma_san_pham, so_luong, don_gia) VALUES ('DH202500183', 'PRD102', 5, 542097);
INSERT INTO ChiTietDonHang (ma_don_hang, ma_san_pham, so_luong, don_gia) VALUES ('DH202500026', 'PRD077', 3, 684454);
INSERT INTO ChiTietDonHang (ma_don_hang, ma_san_pham, so_luong, don_gia) VALUES ('DH202500090', 'PRD008', 4, 1451963);
INSERT INTO ChiTietDonHang (ma_don_hang, ma_san_pham, so_luong, don_gia) VALUES ('DH202500232', 'PRD143', 5, 355588);
INSERT INTO ChiTietDonHang (ma_don_hang, ma_san_pham, so_luong, don_gia) VALUES ('DH202500128', 'PRD025', 4, 1752807);
INSERT INTO ChiTietDonHang (ma_don_hang, ma_san_pham, so_luong, don_gia) VALUES ('DH202500053', 'PRD036', 1, 1700371);
INSERT INTO ChiTietDonHang (ma_don_hang, ma_san_pham, so_luong, don_gia) VALUES ('DH202500007', 'PRD016', 2, 791411);
INSERT INTO ChiTietDonHang (ma_don_hang, ma_san_pham, so_luong, don_gia) VALUES ('DH202500067', 'PRD051', 4, 856240);
INSERT INTO ChiTietDonHang (ma_don_hang, ma_san_pham, so_luong, don_gia) VALUES ('DH202500191', 'PRD022', 5, 1506048);
INSERT INTO ChiTietDonHang (ma_don_hang, ma_san_pham, so_luong, don_gia) VALUES ('DH202500133', 'PRD020', 1, 1586532);
INSERT INTO ChiTietDonHang (ma_don_hang, ma_san_pham, so_luong, don_gia) VALUES ('DH202500034', 'PRD051', 4, 856240);
INSERT INTO ChiTietDonHang (ma_don_hang, ma_san_pham, so_luong, don_gia) VALUES ('DH202500066', 'PRD024', 3, 575095);
INSERT INTO ChiTietDonHang (ma_don_hang, ma_san_pham, so_luong, don_gia) VALUES ('DH202500063', 'PRD011', 4, 1097466);
INSERT INTO ChiTietDonHang (ma_don_hang, ma_san_pham, so_luong, don_gia) VALUES ('DH202500026', 'PRD044', 5, 552260);
INSERT INTO ChiTietDonHang (ma_don_hang, ma_san_pham, so_luong, don_gia) VALUES ('DH202500222', 'PRD102', 4, 542097);
INSERT INTO ChiTietDonHang (ma_don_hang, ma_san_pham, so_luong, don_gia) VALUES ('DH202500016', 'PRD098', 4, 1444248);
INSERT INTO ChiTietDonHang (ma_don_hang, ma_san_pham, so_luong, don_gia) VALUES ('DH202500089', 'PRD091', 2, 1076923);
INSERT INTO ChiTietDonHang (ma_don_hang, ma_san_pham, so_luong, don_gia) VALUES ('DH202500096', 'PRD071', 3, 1176019);
INSERT INTO ChiTietDonHang (ma_don_hang, ma_san_pham, so_luong, don_gia) VALUES ('DH202500229', 'PRD039', 1, 884254);
INSERT INTO ChiTietDonHang (ma_don_hang, ma_san_pham, so_luong, don_gia) VALUES ('DH202500126', 'PRD076', 4, 388767);
INSERT INTO ChiTietDonHang (ma_don_hang, ma_san_pham, so_luong, don_gia) VALUES ('DH202500211', 'PRD141', 4, 724142);
INSERT INTO ChiTietDonHang (ma_don_hang, ma_san_pham, so_luong, don_gia) VALUES ('DH202500032', 'PRD023', 3, 747739);
INSERT INTO ChiTietDonHang (ma_don_hang, ma_san_pham, so_luong, don_gia) VALUES ('DH202500197', 'PRD036', 4, 1700371);
INSERT INTO ChiTietDonHang (ma_don_hang, ma_san_pham, so_luong, don_gia) VALUES ('DH202500103', 'PRD135', 2, 1548084);
INSERT INTO ChiTietDonHang (ma_don_hang, ma_san_pham, so_luong, don_gia) VALUES ('DH202500279', 'PRD005', 4, 1027377);
INSERT INTO ChiTietDonHang (ma_don_hang, ma_san_pham, so_luong, don_gia) VALUES ('DH202500184', 'PRD123', 5, 866732);
INSERT INTO ChiTietDonHang (ma_don_hang, ma_san_pham, so_luong, don_gia) VALUES ('DH202500249', 'PRD089', 5, 1607578);
INSERT INTO ChiTietDonHang (ma_don_hang, ma_san_pham, so_luong, don_gia) VALUES ('DH202500258', 'PRD083', 4, 236187);
INSERT INTO ChiTietDonHang (ma_don_hang, ma_san_pham, so_luong, don_gia) VALUES ('DH202500139', 'PRD047', 1, 332485);
INSERT INTO ChiTietDonHang (ma_don_hang, ma_san_pham, so_luong, don_gia) VALUES ('DH202500164', 'PRD057', 1, 482264);
INSERT INTO ChiTietDonHang (ma_don_hang, ma_san_pham, so_luong, don_gia) VALUES ('DH202500144', 'PRD015', 4, 1353857);
INSERT INTO ChiTietDonHang (ma_don_hang, ma_san_pham, so_luong, don_gia) VALUES ('DH202500272', 'PRD092', 5, 1838651);
INSERT INTO ChiTietDonHang (ma_don_hang, ma_san_pham, so_luong, don_gia) VALUES ('DH202500120', 'PRD041', 1, 406287);
INSERT INTO ChiTietDonHang (ma_don_hang, ma_san_pham, so_luong, don_gia) VALUES ('DH202500127', 'PRD062', 3, 361043);
INSERT INTO ChiTietDonHang (ma_don_hang, ma_san_pham, so_luong, don_gia) VALUES ('DH202500274', 'PRD015', 2, 1353857);
INSERT INTO ChiTietDonHang (ma_don_hang, ma_san_pham, so_luong, don_gia) VALUES ('DH202500295', 'PRD100', 3, 1281992);
INSERT INTO ChiTietDonHang (ma_don_hang, ma_san_pham, so_luong, don_gia) VALUES ('DH202500089', 'PRD046', 2, 600043);
INSERT INTO ChiTietDonHang (ma_don_hang, ma_san_pham, so_luong, don_gia) VALUES ('DH202500163', 'PRD092', 5, 1838651);
INSERT INTO ChiTietDonHang (ma_don_hang, ma_san_pham, so_luong, don_gia) VALUES ('DH202500015', 'PRD091', 5, 1076923);
INSERT INTO ChiTietDonHang (ma_don_hang, ma_san_pham, so_luong, don_gia) VALUES ('DH202500289', 'PRD037', 5, 1017446);
INSERT INTO ChiTietDonHang (ma_don_hang, ma_san_pham, so_luong, don_gia) VALUES ('DH202500097', 'PRD127', 5, 805426);
INSERT INTO ChiTietDonHang (ma_don_hang, ma_san_pham, so_luong, don_gia) VALUES ('DH202500159', 'PRD045', 4, 1727751);
INSERT INTO ChiTietDonHang (ma_don_hang, ma_san_pham, so_luong, don_gia) VALUES ('DH202500020', 'PRD024', 1, 575095);
INSERT INTO ChiTietDonHang (ma_don_hang, ma_san_pham, so_luong, don_gia) VALUES ('DH202500120', 'PRD057', 1, 482264);
INSERT INTO ChiTietDonHang (ma_don_hang, ma_san_pham, so_luong, don_gia) VALUES ('DH202500270', 'PRD123', 1, 866732);
INSERT INTO ChiTietDonHang (ma_don_hang, ma_san_pham, so_luong, don_gia) VALUES ('DH202500170', 'PRD052', 2, 1931508);
INSERT INTO ChiTietDonHang (ma_don_hang, ma_san_pham, so_luong, don_gia) VALUES ('DH202500175', 'PRD046', 3, 600043);
INSERT INTO ChiTietDonHang (ma_don_hang, ma_san_pham, so_luong, don_gia) VALUES ('DH202500031', 'PRD006', 2, 217801);
INSERT INTO ChiTietDonHang (ma_don_hang, ma_san_pham, so_luong, don_gia) VALUES ('DH202500073', 'PRD029', 5, 1031552);
INSERT INTO ChiTietDonHang (ma_don_hang, ma_san_pham, so_luong, don_gia) VALUES ('DH202500187', 'PRD019', 3, 1475846);
INSERT INTO ChiTietDonHang (ma_don_hang, ma_san_pham, so_luong, don_gia) VALUES ('DH202500203', 'PRD026', 3, 806246);
INSERT INTO ChiTietDonHang (ma_don_hang, ma_san_pham, so_luong, don_gia) VALUES ('DH202500155', 'PRD083', 2, 236187);
INSERT INTO ChiTietDonHang (ma_don_hang, ma_san_pham, so_luong, don_gia) VALUES ('DH202500081', 'PRD112', 4, 786682);
INSERT INTO ChiTietDonHang (ma_don_hang, ma_san_pham, so_luong, don_gia) VALUES ('DH202500163', 'PRD045', 5, 1727751);
INSERT INTO ChiTietDonHang (ma_don_hang, ma_san_pham, so_luong, don_gia) VALUES ('DH202500183', 'PRD058', 5, 715393);
INSERT INTO ChiTietDonHang (ma_don_hang, ma_san_pham, so_luong, don_gia) VALUES ('DH202500090', 'PRD097', 3, 1410766);
INSERT INTO ChiTietDonHang (ma_don_hang, ma_san_pham, so_luong, don_gia) VALUES ('DH202500151', 'PRD033', 2, 439860);
INSERT INTO ChiTietDonHang (ma_don_hang, ma_san_pham, so_luong, don_gia) VALUES ('DH202500001', 'PRD147', 4, 523767);
INSERT INTO ChiTietDonHang (ma_don_hang, ma_san_pham, so_luong, don_gia) VALUES ('DH202500291', 'PRD009', 2, 1317038);
INSERT INTO ChiTietDonHang (ma_don_hang, ma_san_pham, so_luong, don_gia) VALUES ('DH202500163', 'PRD057', 5, 482264);
INSERT INTO ChiTietDonHang (ma_don_hang, ma_san_pham, so_luong, don_gia) VALUES ('DH202500054', 'PRD128', 2, 1280537);
INSERT INTO ChiTietDonHang (ma_don_hang, ma_san_pham, so_luong, don_gia) VALUES ('DH202500170', 'PRD020', 2, 1586532);
INSERT INTO ChiTietDonHang (ma_don_hang, ma_san_pham, so_luong, don_gia) VALUES ('DH202500178', 'PRD082', 2, 1799769);
INSERT INTO ChiTietDonHang (ma_don_hang, ma_san_pham, so_luong, don_gia) VALUES ('DH202500046', 'PRD086', 4, 391245);
INSERT INTO ChiTietDonHang (ma_don_hang, ma_san_pham, so_luong, don_gia) VALUES ('DH202500006', 'PRD068', 2, 1546541);
INSERT INTO ChiTietDonHang (ma_don_hang, ma_san_pham, so_luong, don_gia) VALUES ('DH202500128', 'PRD018', 3, 270922);
INSERT INTO ChiTietDonHang (ma_don_hang, ma_san_pham, so_luong, don_gia) VALUES ('DH202500132', 'PRD028', 1, 1017867);
INSERT INTO ChiTietDonHang (ma_don_hang, ma_san_pham, so_luong, don_gia) VALUES ('DH202500025', 'PRD099', 4, 1481462);
INSERT INTO ChiTietDonHang (ma_don_hang, ma_san_pham, so_luong, don_gia) VALUES ('DH202500215', 'PRD043', 4, 1390478);
INSERT INTO ChiTietDonHang (ma_don_hang, ma_san_pham, so_luong, don_gia) VALUES ('DH202500253', 'PRD097', 3, 1410766);
INSERT INTO ChiTietDonHang (ma_don_hang, ma_san_pham, so_luong, don_gia) VALUES ('DH202500280', 'PRD097', 1, 1410766);
INSERT INTO ChiTietDonHang (ma_don_hang, ma_san_pham, so_luong, don_gia) VALUES ('DH202500246', 'PRD148', 2, 329064);
INSERT INTO ChiTietDonHang (ma_don_hang, ma_san_pham, so_luong, don_gia) VALUES ('DH202500084', 'PRD116', 1, 205990);
INSERT INTO ChiTietDonHang (ma_don_hang, ma_san_pham, so_luong, don_gia) VALUES ('DH202500018', 'PRD076', 1, 388767);
INSERT INTO ChiTietDonHang (ma_don_hang, ma_san_pham, so_luong, don_gia) VALUES ('DH202500164', 'PRD067', 1, 720001);
INSERT INTO ChiTietDonHang (ma_don_hang, ma_san_pham, so_luong, don_gia) VALUES ('DH202500038', 'PRD088', 2, 1954399);
INSERT INTO ChiTietDonHang (ma_don_hang, ma_san_pham, so_luong, don_gia) VALUES ('DH202500193', 'PRD042', 1, 1842965);
INSERT INTO ChiTietDonHang (ma_don_hang, ma_san_pham, so_luong, don_gia) VALUES ('DH202500281', 'PRD024', 3, 575095);
INSERT INTO ChiTietDonHang (ma_don_hang, ma_san_pham, so_luong, don_gia) VALUES ('DH202500248', 'PRD008', 4, 1451963);
INSERT INTO ChiTietDonHang (ma_don_hang, ma_san_pham, so_luong, don_gia) VALUES ('DH202500085', 'PRD112', 2, 786682);
INSERT INTO ChiTietDonHang (ma_don_hang, ma_san_pham, so_luong, don_gia) VALUES ('DH202500028', 'PRD026', 3, 806246);
INSERT INTO ChiTietDonHang (ma_don_hang, ma_san_pham, so_luong, don_gia) VALUES ('DH202500106', 'PRD049', 4, 1000179);
INSERT INTO ChiTietDonHang (ma_don_hang, ma_san_pham, so_luong, don_gia) VALUES ('DH202500284', 'PRD139', 3, 842993);
INSERT INTO ChiTietDonHang (ma_don_hang, ma_san_pham, so_luong, don_gia) VALUES ('DH202500145', 'PRD077', 2, 684454);
INSERT INTO ChiTietDonHang (ma_don_hang, ma_san_pham, so_luong, don_gia) VALUES ('DH202500050', 'PRD013', 4, 619556);
INSERT INTO ChiTietDonHang (ma_don_hang, ma_san_pham, so_luong, don_gia) VALUES ('DH202500293', 'PRD141', 4, 724142);
INSERT INTO ChiTietDonHang (ma_don_hang, ma_san_pham, so_luong, don_gia) VALUES ('DH202500079', 'PRD014', 3, 881927);
INSERT INTO ChiTietDonHang (ma_don_hang, ma_san_pham, so_luong, don_gia) VALUES ('DH202500002', 'PRD110', 1, 395441);
INSERT INTO ChiTietDonHang (ma_don_hang, ma_san_pham, so_luong, don_gia) VALUES ('DH202500151', 'PRD123', 2, 866732);
INSERT INTO ChiTietDonHang (ma_don_hang, ma_san_pham, so_luong, don_gia) VALUES ('DH202500050', 'PRD007', 2, 1047732);
INSERT INTO ChiTietDonHang (ma_don_hang, ma_san_pham, so_luong, don_gia) VALUES ('DH202500088', 'PRD075', 1, 1043556);
INSERT INTO ChiTietDonHang (ma_don_hang, ma_san_pham, so_luong, don_gia) VALUES ('DH202500243', 'PRD030', 3, 1219902);
INSERT INTO ChiTietDonHang (ma_don_hang, ma_san_pham, so_luong, don_gia) VALUES ('DH202500204', 'PRD121', 4, 1253133);
INSERT INTO ChiTietDonHang (ma_don_hang, ma_san_pham, so_luong, don_gia) VALUES ('DH202500136', 'PRD024', 5, 575095);
INSERT INTO ChiTietDonHang (ma_don_hang, ma_san_pham, so_luong, don_gia) VALUES ('DH202500199', 'PRD048', 3, 1180821);
INSERT INTO ChiTietDonHang (ma_don_hang, ma_san_pham, so_luong, don_gia) VALUES ('DH202500196', 'PRD095', 2, 776668);
INSERT INTO ChiTietDonHang (ma_don_hang, ma_san_pham, so_luong, don_gia) VALUES ('DH202500229', 'PRD012', 3, 1800720);
INSERT INTO ChiTietDonHang (ma_don_hang, ma_san_pham, so_luong, don_gia) VALUES ('DH202500226', 'PRD120', 3, 1260192);
INSERT INTO ChiTietDonHang (ma_don_hang, ma_san_pham, so_luong, don_gia) VALUES ('DH202500116', 'PRD069', 5, 1924600);
INSERT INTO ChiTietDonHang (ma_don_hang, ma_san_pham, so_luong, don_gia) VALUES ('DH202500032', 'PRD039', 1, 884254);
INSERT INTO ChiTietDonHang (ma_don_hang, ma_san_pham, so_luong, don_gia) VALUES ('DH202500044', 'PRD089', 5, 1607578);
INSERT INTO ChiTietDonHang (ma_don_hang, ma_san_pham, so_luong, don_gia) VALUES ('DH202500212', 'PRD059', 5, 187883);
INSERT INTO ChiTietDonHang (ma_don_hang, ma_san_pham, so_luong, don_gia) VALUES ('DH202500032', 'PRD100', 5, 1281992);
INSERT INTO ChiTietDonHang (ma_don_hang, ma_san_pham, so_luong, don_gia) VALUES ('DH202500215', 'PRD138', 4, 463189);
INSERT INTO ChiTietDonHang (ma_don_hang, ma_san_pham, so_luong, don_gia) VALUES ('DH202500294', 'PRD061', 4, 848629);
INSERT INTO ChiTietDonHang (ma_don_hang, ma_san_pham, so_luong, don_gia) VALUES ('DH202500154', 'PRD021', 4, 1760235);
INSERT INTO ChiTietDonHang (ma_don_hang, ma_san_pham, so_luong, don_gia) VALUES ('DH202500018', 'PRD129', 5, 794659);
INSERT INTO ChiTietDonHang (ma_don_hang, ma_san_pham, so_luong, don_gia) VALUES ('DH202500265', 'PRD147', 5, 523767);
INSERT INTO ChiTietDonHang (ma_don_hang, ma_san_pham, so_luong, don_gia) VALUES ('DH202500076', 'PRD031', 4, 1851359);
INSERT INTO ChiTietDonHang (ma_don_hang, ma_san_pham, so_luong, don_gia) VALUES ('DH202500089', 'PRD043', 2, 1390478);
INSERT INTO ChiTietDonHang (ma_don_hang, ma_san_pham, so_luong, don_gia) VALUES ('DH202500099', 'PRD033', 1, 439860);
INSERT INTO ChiTietDonHang (ma_don_hang, ma_san_pham, so_luong, don_gia) VALUES ('DH202500217', 'PRD021', 4, 1760235);
INSERT INTO ChiTietDonHang (ma_don_hang, ma_san_pham, so_luong, don_gia) VALUES ('DH202500104', 'PRD038', 5, 833133);
INSERT INTO ChiTietDonHang (ma_don_hang, ma_san_pham, so_luong, don_gia) VALUES ('DH202500133', 'PRD082', 1, 1799769);
INSERT INTO ChiTietDonHang (ma_don_hang, ma_san_pham, so_luong, don_gia) VALUES ('DH202500045', 'PRD100', 5, 1281992);
INSERT INTO ChiTietDonHang (ma_don_hang, ma_san_pham, so_luong, don_gia) VALUES ('DH202500204', 'PRD142', 3, 1106220);
INSERT INTO ChiTietDonHang (ma_don_hang, ma_san_pham, so_luong, don_gia) VALUES ('DH202500142', 'PRD134', 4, 139714);
INSERT INTO ChiTietDonHang (ma_don_hang, ma_san_pham, so_luong, don_gia) VALUES ('DH202500007', 'PRD134', 4, 139714);
INSERT INTO ChiTietDonHang (ma_don_hang, ma_san_pham, so_luong, don_gia) VALUES ('DH202500058', 'PRD107', 2, 1906665);
INSERT INTO ChiTietDonHang (ma_don_hang, ma_san_pham, so_luong, don_gia) VALUES ('DH202500076', 'PRD146', 5, 1027729);
INSERT INTO ChiTietDonHang (ma_don_hang, ma_san_pham, so_luong, don_gia) VALUES ('DH202500299', 'PRD026', 1, 806246);
INSERT INTO ChiTietDonHang (ma_don_hang, ma_san_pham, so_luong, don_gia) VALUES ('DH202500289', 'PRD026', 3, 806246);
INSERT INTO ChiTietDonHang (ma_don_hang, ma_san_pham, so_luong, don_gia) VALUES ('DH202500275', 'PRD089', 4, 1607578);
INSERT INTO ChiTietDonHang (ma_don_hang, ma_san_pham, so_luong, don_gia) VALUES ('DH202500136', 'PRD099', 4, 1481462);
INSERT INTO ChiTietDonHang (ma_don_hang, ma_san_pham, so_luong, don_gia) VALUES ('DH202500293', 'PRD122', 1, 302755);
INSERT INTO ChiTietDonHang (ma_don_hang, ma_san_pham, so_luong, don_gia) VALUES ('DH202500089', 'PRD071', 4, 1176019);
INSERT INTO ChiTietDonHang (ma_don_hang, ma_san_pham, so_luong, don_gia) VALUES ('DH202500074', 'PRD103', 1, 1964361);
INSERT INTO ChiTietDonHang (ma_don_hang, ma_san_pham, so_luong, don_gia) VALUES ('DH202500203', 'PRD085', 2, 858104);
INSERT INTO ChiTietDonHang (ma_don_hang, ma_san_pham, so_luong, don_gia) VALUES ('DH202500026', 'PRD122', 3, 302755);
INSERT INTO ChiTietDonHang (ma_don_hang, ma_san_pham, so_luong, don_gia) VALUES ('DH202500191', 'PRD006', 3, 217801);
INSERT INTO ChiTietDonHang (ma_don_hang, ma_san_pham, so_luong, don_gia) VALUES ('DH202500156', 'PRD080', 3, 698898);
INSERT INTO ChiTietDonHang (ma_don_hang, ma_san_pham, so_luong, don_gia) VALUES ('DH202500252', 'PRD026', 2, 806246);
INSERT INTO ChiTietDonHang (ma_don_hang, ma_san_pham, so_luong, don_gia) VALUES ('DH202500069', 'PRD077', 4, 684454);
INSERT INTO ChiTietDonHang (ma_don_hang, ma_san_pham, so_luong, don_gia) VALUES ('DH202500165', 'PRD069', 4, 1924600);
INSERT INTO ChiTietDonHang (ma_don_hang, ma_san_pham, so_luong, don_gia) VALUES ('DH202500046', 'PRD049', 4, 1000179);
INSERT INTO ChiTietDonHang (ma_don_hang, ma_san_pham, so_luong, don_gia) VALUES ('DH202500109', 'PRD105', 4, 1544127);
INSERT INTO ChiTietDonHang (ma_don_hang, ma_san_pham, so_luong, don_gia) VALUES ('DH202500265', 'PRD096', 1, 265381);
INSERT INTO ChiTietDonHang (ma_don_hang, ma_san_pham, so_luong, don_gia) VALUES ('DH202500264', 'PRD041', 1, 406287);
INSERT INTO ChiTietDonHang (ma_don_hang, ma_san_pham, so_luong, don_gia) VALUES ('DH202500160', 'PRD130', 4, 1984851);
INSERT INTO ChiTietDonHang (ma_don_hang, ma_san_pham, so_luong, don_gia) VALUES ('DH202500070', 'PRD135', 5, 1548084);
INSERT INTO ChiTietDonHang (ma_don_hang, ma_san_pham, so_luong, don_gia) VALUES ('DH202500015', 'PRD045', 2, 1727751);
INSERT INTO ChiTietDonHang (ma_don_hang, ma_san_pham, so_luong, don_gia) VALUES ('DH202500103', 'PRD015', 2, 1353857);
INSERT INTO ChiTietDonHang (ma_don_hang, ma_san_pham, so_luong, don_gia) VALUES ('DH202500017', 'PRD117', 1, 1225522);
INSERT INTO ChiTietDonHang (ma_don_hang, ma_san_pham, so_luong, don_gia) VALUES ('DH202500185', 'PRD051', 3, 856240);
INSERT INTO ChiTietDonHang (ma_don_hang, ma_san_pham, so_luong, don_gia) VALUES ('DH202500189', 'PRD119', 5, 194880);
INSERT INTO ChiTietDonHang (ma_don_hang, ma_san_pham, so_luong, don_gia) VALUES ('DH202500204', 'PRD032', 1, 1713629);
INSERT INTO ChiTietDonHang (ma_don_hang, ma_san_pham, so_luong, don_gia) VALUES ('DH202500124', 'PRD096', 4, 265381);
INSERT INTO ChiTietDonHang (ma_don_hang, ma_san_pham, so_luong, don_gia) VALUES ('DH202500229', 'PRD046', 4, 600043);
INSERT INTO ChiTietDonHang (ma_don_hang, ma_san_pham, so_luong, don_gia) VALUES ('DH202500283', 'PRD090', 3, 1305653);
INSERT INTO ChiTietDonHang (ma_don_hang, ma_san_pham, so_luong, don_gia) VALUES ('DH202500084', 'PRD067', 1, 720001);
INSERT INTO ChiTietDonHang (ma_don_hang, ma_san_pham, so_luong, don_gia) VALUES ('DH202500146', 'PRD008', 4, 1451963);
INSERT INTO ChiTietDonHang (ma_don_hang, ma_san_pham, so_luong, don_gia) VALUES ('DH202500026', 'PRD042', 5, 1842965);
INSERT INTO ChiTietDonHang (ma_don_hang, ma_san_pham, so_luong, don_gia) VALUES ('DH202500110', 'PRD057', 2, 482264);
INSERT INTO ChiTietDonHang (ma_don_hang, ma_san_pham, so_luong, don_gia) VALUES ('DH202500106', 'PRD069', 4, 1924600);
INSERT INTO ChiTietDonHang (ma_don_hang, ma_san_pham, so_luong, don_gia) VALUES ('DH202500263', 'PRD006', 1, 217801);
INSERT INTO ChiTietDonHang (ma_don_hang, ma_san_pham, so_luong, don_gia) VALUES ('DH202500243', 'PRD034', 2, 624294);
INSERT INTO ChiTietDonHang (ma_don_hang, ma_san_pham, so_luong, don_gia) VALUES ('DH202500005', 'PRD058', 3, 715393);
INSERT INTO ChiTietDonHang (ma_don_hang, ma_san_pham, so_luong, don_gia) VALUES ('DH202500157', 'PRD071', 4, 1176019);
INSERT INTO ChiTietDonHang (ma_don_hang, ma_san_pham, so_luong, don_gia) VALUES ('DH202500193', 'PRD090', 4, 1305653);
INSERT INTO ChiTietDonHang (ma_don_hang, ma_san_pham, so_luong, don_gia) VALUES ('DH202500130', 'PRD056', 4, 1733980);
INSERT INTO ChiTietDonHang (ma_don_hang, ma_san_pham, so_luong, don_gia) VALUES ('DH202500155', 'PRD134', 5, 139714);
INSERT INTO ChiTietDonHang (ma_don_hang, ma_san_pham, so_luong, don_gia) VALUES ('DH202500204', 'PRD150', 1, 588293);
INSERT INTO ChiTietDonHang (ma_don_hang, ma_san_pham, so_luong, don_gia) VALUES ('DH202500004', 'PRD131', 3, 1474873);
INSERT INTO ChiTietDonHang (ma_don_hang, ma_san_pham, so_luong, don_gia) VALUES ('DH202500288', 'PRD073', 3, 240998);
INSERT INTO ChiTietDonHang (ma_don_hang, ma_san_pham, so_luong, don_gia) VALUES ('DH202500056', 'PRD124', 1, 184420);
INSERT INTO ChiTietDonHang (ma_don_hang, ma_san_pham, so_luong, don_gia) VALUES ('DH202500173', 'PRD071', 3, 1176019);
INSERT INTO ChiTietDonHang (ma_don_hang, ma_san_pham, so_luong, don_gia) VALUES ('DH202500142', 'PRD067', 3, 720001);
INSERT INTO ChiTietDonHang (ma_don_hang, ma_san_pham, so_luong, don_gia) VALUES ('DH202500097', 'PRD039', 5, 884254);
INSERT INTO ChiTietDonHang (ma_don_hang, ma_san_pham, so_luong, don_gia) VALUES ('DH202500124', 'PRD015', 5, 1353857);
INSERT INTO ChiTietDonHang (ma_don_hang, ma_san_pham, so_luong, don_gia) VALUES ('DH202500207', 'PRD082', 2, 1799769);
INSERT INTO ChiTietDonHang (ma_don_hang, ma_san_pham, so_luong, don_gia) VALUES ('DH202500014', 'PRD128', 3, 1280537);
INSERT INTO ChiTietDonHang (ma_don_hang, ma_san_pham, so_luong, don_gia) VALUES ('DH202500133', 'PRD108', 4, 936169);
INSERT INTO ChiTietDonHang (ma_don_hang, ma_san_pham, so_luong, don_gia) VALUES ('DH202500199', 'PRD010', 5, 1798307);
INSERT INTO ChiTietDonHang (ma_don_hang, ma_san_pham, so_luong, don_gia) VALUES ('DH202500293', 'PRD049', 3, 1000179);
INSERT INTO ChiTietDonHang (ma_don_hang, ma_san_pham, so_luong, don_gia) VALUES ('DH202500114', 'PRD137', 4, 781678);
INSERT INTO ChiTietDonHang (ma_don_hang, ma_san_pham, so_luong, don_gia) VALUES ('DH202500184', 'PRD130', 3, 1984851);
INSERT INTO ChiTietDonHang (ma_don_hang, ma_san_pham, so_luong, don_gia) VALUES ('DH202500088', 'PRD143', 2, 355588);
INSERT INTO ChiTietDonHang (ma_don_hang, ma_san_pham, so_luong, don_gia) VALUES ('DH202500151', 'PRD025', 4, 1752807);
INSERT INTO ChiTietDonHang (ma_don_hang, ma_san_pham, so_luong, don_gia) VALUES ('DH202500066', 'PRD067', 5, 720001);
INSERT INTO ChiTietDonHang (ma_don_hang, ma_san_pham, so_luong, don_gia) VALUES ('DH202500094', 'PRD086', 1, 391245);
INSERT INTO ChiTietDonHang (ma_don_hang, ma_san_pham, so_luong, don_gia) VALUES ('DH202500114', 'PRD091', 2, 1076923);
INSERT INTO ChiTietDonHang (ma_don_hang, ma_san_pham, so_luong, don_gia) VALUES ('DH202500158', 'PRD108', 3, 936169);
INSERT INTO ChiTietDonHang (ma_don_hang, ma_san_pham, so_luong, don_gia) VALUES ('DH202500191', 'PRD067', 5, 720001);
INSERT INTO ChiTietDonHang (ma_don_hang, ma_san_pham, so_luong, don_gia) VALUES ('DH202500151', 'PRD119', 1, 194880);
INSERT INTO ChiTietDonHang (ma_don_hang, ma_san_pham, so_luong, don_gia) VALUES ('DH202500241', 'PRD014', 5, 881927);
INSERT INTO ChiTietDonHang (ma_don_hang, ma_san_pham, so_luong, don_gia) VALUES ('DH202500298', 'PRD019', 4, 1475846);
INSERT INTO ChiTietDonHang (ma_don_hang, ma_san_pham, so_luong, don_gia) VALUES ('DH202500100', 'PRD129', 1, 794659);
INSERT INTO ChiTietDonHang (ma_don_hang, ma_san_pham, so_luong, don_gia) VALUES ('DH202500196', 'PRD136', 3, 1879175);
INSERT INTO ChiTietDonHang (ma_don_hang, ma_san_pham, so_luong, don_gia) VALUES ('DH202500212', 'PRD014', 2, 881927);
INSERT INTO ChiTietDonHang (ma_don_hang, ma_san_pham, so_luong, don_gia) VALUES ('DH202500071', 'PRD052', 3, 1931508);
INSERT INTO ChiTietDonHang (ma_don_hang, ma_san_pham, so_luong, don_gia) VALUES ('DH202500210', 'PRD146', 4, 1027729);
INSERT INTO ChiTietDonHang (ma_don_hang, ma_san_pham, so_luong, don_gia) VALUES ('DH202500074', 'PRD081', 2, 384643);
INSERT INTO ChiTietDonHang (ma_don_hang, ma_san_pham, so_luong, don_gia) VALUES ('DH202500042', 'PRD125', 3, 1093513);
INSERT INTO ChiTietDonHang (ma_don_hang, ma_san_pham, so_luong, don_gia) VALUES ('DH202500091', 'PRD081', 1, 384643);
INSERT INTO ChiTietDonHang (ma_don_hang, ma_san_pham, so_luong, don_gia) VALUES ('DH202500003', 'PRD116', 3, 205990);
INSERT INTO ChiTietDonHang (ma_don_hang, ma_san_pham, so_luong, don_gia) VALUES ('DH202500108', 'PRD044', 5, 552260);
INSERT INTO ChiTietDonHang (ma_don_hang, ma_san_pham, so_luong, don_gia) VALUES ('DH202500082', 'PRD126', 1, 1385697);
INSERT INTO ChiTietDonHang (ma_don_hang, ma_san_pham, so_luong, don_gia) VALUES ('DH202500067', 'PRD112', 4, 786682);
INSERT INTO ChiTietDonHang (ma_don_hang, ma_san_pham, so_luong, don_gia) VALUES ('DH202500207', 'PRD110', 4, 395441);
INSERT INTO ChiTietDonHang (ma_don_hang, ma_san_pham, so_luong, don_gia) VALUES ('DH202500197', 'PRD002', 1, 1720779);
INSERT INTO ChiTietDonHang (ma_don_hang, ma_san_pham, so_luong, don_gia) VALUES ('DH202500274', 'PRD052', 3, 1931508);
INSERT INTO ChiTietDonHang (ma_don_hang, ma_san_pham, so_luong, don_gia) VALUES ('DH202500008', 'PRD083', 5, 236187);
INSERT INTO ChiTietDonHang (ma_don_hang, ma_san_pham, so_luong, don_gia) VALUES ('DH202500098', 'PRD005', 1, 1027377);
INSERT INTO ChiTietDonHang (ma_don_hang, ma_san_pham, so_luong, don_gia) VALUES ('DH202500128', 'PRD058', 3, 715393);
INSERT INTO ChiTietDonHang (ma_don_hang, ma_san_pham, so_luong, don_gia) VALUES ('DH202500160', 'PRD034', 1, 624294);
INSERT INTO ChiTietDonHang (ma_don_hang, ma_san_pham, so_luong, don_gia) VALUES ('DH202500197', 'PRD129', 5, 794659);
INSERT INTO ChiTietDonHang (ma_don_hang, ma_san_pham, so_luong, don_gia) VALUES ('DH202500157', 'PRD043', 1, 1390478);
INSERT INTO ChiTietDonHang (ma_don_hang, ma_san_pham, so_luong, don_gia) VALUES ('DH202500024', 'PRD077', 3, 684454);
INSERT INTO ChiTietDonHang (ma_don_hang, ma_san_pham, so_luong, don_gia) VALUES ('DH202500234', 'PRD134', 5, 139714);
INSERT INTO ChiTietDonHang (ma_don_hang, ma_san_pham, so_luong, don_gia) VALUES ('DH202500269', 'PRD087', 4, 1261867);
INSERT INTO ChiTietDonHang (ma_don_hang, ma_san_pham, so_luong, don_gia) VALUES ('DH202500069', 'PRD088', 4, 1954399);
INSERT INTO ChiTietDonHang (ma_don_hang, ma_san_pham, so_luong, don_gia) VALUES ('DH202500184', 'PRD049', 2, 1000179);
INSERT INTO ChiTietDonHang (ma_don_hang, ma_san_pham, so_luong, don_gia) VALUES ('DH202500207', 'PRD005', 2, 1027377);
INSERT INTO ChiTietDonHang (ma_don_hang, ma_san_pham, so_luong, don_gia) VALUES ('DH202500115', 'PRD034', 2, 624294);
INSERT INTO ChiTietDonHang (ma_don_hang, ma_san_pham, so_luong, don_gia) VALUES ('DH202500012', 'PRD130', 2, 1984851);
INSERT INTO ChiTietDonHang (ma_don_hang, ma_san_pham, so_luong, don_gia) VALUES ('DH202500064', 'PRD094', 1, 360384);
INSERT INTO ChiTietDonHang (ma_don_hang, ma_san_pham, so_luong, don_gia) VALUES ('DH202500193', 'PRD066', 5, 716072);
INSERT INTO ChiTietDonHang (ma_don_hang, ma_san_pham, so_luong, don_gia) VALUES ('DH202500025', 'PRD013', 1, 619556);
INSERT INTO ChiTietDonHang (ma_don_hang, ma_san_pham, so_luong, don_gia) VALUES ('DH202500011', 'PRD013', 1, 619556);
INSERT INTO ChiTietDonHang (ma_don_hang, ma_san_pham, so_luong, don_gia) VALUES ('DH202500214', 'PRD114', 4, 747056);
INSERT INTO ChiTietDonHang (ma_don_hang, ma_san_pham, so_luong, don_gia) VALUES ('DH202500064', 'PRD141', 3, 724142);
INSERT INTO ChiTietDonHang (ma_don_hang, ma_san_pham, so_luong, don_gia) VALUES ('DH202500243', 'PRD040', 2, 159113);
INSERT INTO ChiTietDonHang (ma_don_hang, ma_san_pham, so_luong, don_gia) VALUES ('DH202500005', 'PRD078', 4, 1185790);
INSERT INTO ChiTietDonHang (ma_don_hang, ma_san_pham, so_luong, don_gia) VALUES ('DH202500052', 'PRD134', 3, 139714);
INSERT INTO ChiTietDonHang (ma_don_hang, ma_san_pham, so_luong, don_gia) VALUES ('DH202500071', 'PRD108', 1, 936169);
INSERT INTO ChiTietDonHang (ma_don_hang, ma_san_pham, so_luong, don_gia) VALUES ('DH202500262', 'PRD031', 3, 1851359);
INSERT INTO ChiTietDonHang (ma_don_hang, ma_san_pham, so_luong, don_gia) VALUES ('DH202500059', 'PRD028', 4, 1017867);
INSERT INTO ChiTietDonHang (ma_don_hang, ma_san_pham, so_luong, don_gia) VALUES ('DH202500102', 'PRD052', 3, 1931508);
INSERT INTO ChiTietDonHang (ma_don_hang, ma_san_pham, so_luong, don_gia) VALUES ('DH202500268', 'PRD052', 3, 1931508);
INSERT INTO ChiTietDonHang (ma_don_hang, ma_san_pham, so_luong, don_gia) VALUES ('DH202500210', 'PRD076', 2, 388767);
INSERT INTO ChiTietDonHang (ma_don_hang, ma_san_pham, so_luong, don_gia) VALUES ('DH202500021', 'PRD141', 4, 724142);
INSERT INTO ChiTietDonHang (ma_don_hang, ma_san_pham, so_luong, don_gia) VALUES ('DH202500107', 'PRD124', 3, 184420);
INSERT INTO ChiTietDonHang (ma_don_hang, ma_san_pham, so_luong, don_gia) VALUES ('DH202500121', 'PRD001', 1, 1363322);
INSERT INTO ChiTietDonHang (ma_don_hang, ma_san_pham, so_luong, don_gia) VALUES ('DH202500046', 'PRD029', 5, 1031552);
INSERT INTO ChiTietDonHang (ma_don_hang, ma_san_pham, so_luong, don_gia) VALUES ('DH202500253', 'PRD039', 1, 884254);
INSERT INTO ChiTietDonHang (ma_don_hang, ma_san_pham, so_luong, don_gia) VALUES ('DH202500262', 'PRD020', 1, 1586532);
INSERT INTO ChiTietDonHang (ma_don_hang, ma_san_pham, so_luong, don_gia) VALUES ('DH202500132', 'PRD060', 4, 1238817);
INSERT INTO ChiTietDonHang (ma_don_hang, ma_san_pham, so_luong, don_gia) VALUES ('DH202500152', 'PRD068', 4, 1546541);
INSERT INTO ChiTietDonHang (ma_don_hang, ma_san_pham, so_luong, don_gia) VALUES ('DH202500026', 'PRD026', 2, 806246);
INSERT INTO ChiTietDonHang (ma_don_hang, ma_san_pham, so_luong, don_gia) VALUES ('DH202500021', 'PRD075', 3, 1043556);
INSERT INTO ChiTietDonHang (ma_don_hang, ma_san_pham, so_luong, don_gia) VALUES ('DH202500161', 'PRD110', 1, 395441);
INSERT INTO ChiTietDonHang (ma_don_hang, ma_san_pham, so_luong, don_gia) VALUES ('DH202500049', 'PRD012', 1, 1800720);
INSERT INTO ChiTietDonHang (ma_don_hang, ma_san_pham, so_luong, don_gia) VALUES ('DH202500071', 'PRD044', 3, 552260);
INSERT INTO ChiTietDonHang (ma_don_hang, ma_san_pham, so_luong, don_gia) VALUES ('DH202500184', 'PRD113', 5, 434165);
INSERT INTO ChiTietDonHang (ma_don_hang, ma_san_pham, so_luong, don_gia) VALUES ('DH202500138', 'PRD024', 3, 575095);
INSERT INTO ChiTietDonHang (ma_don_hang, ma_san_pham, so_luong, don_gia) VALUES ('DH202500176', 'PRD047', 1, 332485);
INSERT INTO ChiTietDonHang (ma_don_hang, ma_san_pham, so_luong, don_gia) VALUES ('DH202500206', 'PRD103', 4, 1964361);
INSERT INTO ChiTietDonHang (ma_don_hang, ma_san_pham, so_luong, don_gia) VALUES ('DH202500140', 'PRD099', 4, 1481462);
INSERT INTO ChiTietDonHang (ma_don_hang, ma_san_pham, so_luong, don_gia) VALUES ('DH202500216', 'PRD043', 1, 1390478);
INSERT INTO ChiTietDonHang (ma_don_hang, ma_san_pham, so_luong, don_gia) VALUES ('DH202500068', 'PRD016', 2, 791411);
INSERT INTO ChiTietDonHang (ma_don_hang, ma_san_pham, so_luong, don_gia) VALUES ('DH202500054', 'PRD107', 5, 1906665);
INSERT INTO ChiTietDonHang (ma_don_hang, ma_san_pham, so_luong, don_gia) VALUES ('DH202500248', 'PRD146', 4, 1027729);
INSERT INTO ChiTietDonHang (ma_don_hang, ma_san_pham, so_luong, don_gia) VALUES ('DH202500093', 'PRD098', 3, 1444248);
INSERT INTO ChiTietDonHang (ma_don_hang, ma_san_pham, so_luong, don_gia) VALUES ('DH202500015', 'PRD034', 4, 624294);
INSERT INTO ChiTietDonHang (ma_don_hang, ma_san_pham, so_luong, don_gia) VALUES ('DH202500250', 'PRD029', 4, 1031552);
INSERT INTO ChiTietDonHang (ma_don_hang, ma_san_pham, so_luong, don_gia) VALUES ('DH202500226', 'PRD012', 1, 1800720);
INSERT INTO ChiTietDonHang (ma_don_hang, ma_san_pham, so_luong, don_gia) VALUES ('DH202500134', 'PRD081', 1, 384643);
INSERT INTO ChiTietDonHang (ma_don_hang, ma_san_pham, so_luong, don_gia) VALUES ('DH202500269', 'PRD148', 5, 329064);
INSERT INTO ChiTietDonHang (ma_don_hang, ma_san_pham, so_luong, don_gia) VALUES ('DH202500115', 'PRD087', 5, 1261867);
INSERT INTO ChiTietDonHang (ma_don_hang, ma_san_pham, so_luong, don_gia) VALUES ('DH202500268', 'PRD025', 4, 1752807);
INSERT INTO ChiTietDonHang (ma_don_hang, ma_san_pham, so_luong, don_gia) VALUES ('DH202500128', 'PRD124', 3, 184420);
INSERT INTO ChiTietDonHang (ma_don_hang, ma_san_pham, so_luong, don_gia) VALUES ('DH202500198', 'PRD039', 5, 884254);
INSERT INTO ChiTietDonHang (ma_don_hang, ma_san_pham, so_luong, don_gia) VALUES ('DH202500028', 'PRD003', 2, 1949789);
INSERT INTO ChiTietDonHang (ma_don_hang, ma_san_pham, so_luong, don_gia) VALUES ('DH202500259', 'PRD121', 4, 1253133);
INSERT INTO ChiTietDonHang (ma_don_hang, ma_san_pham, so_luong, don_gia) VALUES ('DH202500085', 'PRD020', 4, 1586532);
INSERT INTO ChiTietDonHang (ma_don_hang, ma_san_pham, so_luong, don_gia) VALUES ('DH202500165', 'PRD062', 3, 361043);
INSERT INTO ChiTietDonHang (ma_don_hang, ma_san_pham, so_luong, don_gia) VALUES ('DH202500143', 'PRD013', 5, 619556);
INSERT INTO ChiTietDonHang (ma_don_hang, ma_san_pham, so_luong, don_gia) VALUES ('DH202500115', 'PRD141', 4, 724142);
INSERT INTO ChiTietDonHang (ma_don_hang, ma_san_pham, so_luong, don_gia) VALUES ('DH202500207', 'PRD061', 1, 848629);
INSERT INTO ChiTietDonHang (ma_don_hang, ma_san_pham, so_luong, don_gia) VALUES ('DH202500236', 'PRD114', 5, 747056);
INSERT INTO ChiTietDonHang (ma_don_hang, ma_san_pham, so_luong, don_gia) VALUES ('DH202500230', 'PRD023', 4, 747739);
INSERT INTO ChiTietDonHang (ma_don_hang, ma_san_pham, so_luong, don_gia) VALUES ('DH202500229', 'PRD081', 1, 384643);
INSERT INTO ChiTietDonHang (ma_don_hang, ma_san_pham, so_luong, don_gia) VALUES ('DH202500255', 'PRD005', 1, 1027377);
INSERT INTO ChiTietDonHang (ma_don_hang, ma_san_pham, so_luong, don_gia) VALUES ('DH202500207', 'PRD106', 1, 1074005);
INSERT INTO ChiTietDonHang (ma_don_hang, ma_san_pham, so_luong, don_gia) VALUES ('DH202500286', 'PRD141', 1, 724142);
INSERT INTO ChiTietDonHang (ma_don_hang, ma_san_pham, so_luong, don_gia) VALUES ('DH202500047', 'PRD078', 5, 1185790);
INSERT INTO ChiTietDonHang (ma_don_hang, ma_san_pham, so_luong, don_gia) VALUES ('DH202500288', 'PRD053', 4, 631943);
INSERT INTO ChiTietDonHang (ma_don_hang, ma_san_pham, so_luong, don_gia) VALUES ('DH202500175', 'PRD094', 1, 360384);
INSERT INTO ChiTietDonHang (ma_don_hang, ma_san_pham, so_luong, don_gia) VALUES ('DH202500115', 'PRD117', 3, 1225522);
INSERT INTO ChiTietDonHang (ma_don_hang, ma_san_pham, so_luong, don_gia) VALUES ('DH202500287', 'PRD122', 3, 302755);
INSERT INTO ChiTietDonHang (ma_don_hang, ma_san_pham, so_luong, don_gia) VALUES ('DH202500232', 'PRD030', 1, 1219902);
INSERT INTO ChiTietDonHang (ma_don_hang, ma_san_pham, so_luong, don_gia) VALUES ('DH202500114', 'PRD001', 3, 1363322);
INSERT INTO ChiTietDonHang (ma_don_hang, ma_san_pham, so_luong, don_gia) VALUES ('DH202500182', 'PRD075', 5, 1043556);
INSERT INTO ChiTietDonHang (ma_don_hang, ma_san_pham, so_luong, don_gia) VALUES ('DH202500268', 'PRD096', 1, 265381);
INSERT INTO ChiTietDonHang (ma_don_hang, ma_san_pham, so_luong, don_gia) VALUES ('DH202500024', 'PRD043', 4, 1390478);
INSERT INTO ChiTietDonHang (ma_don_hang, ma_san_pham, so_luong, don_gia) VALUES ('DH202500072', 'PRD105', 1, 1544127);
INSERT INTO ChiTietDonHang (ma_don_hang, ma_san_pham, so_luong, don_gia) VALUES ('DH202500131', 'PRD051', 2, 856240);
INSERT INTO ChiTietDonHang (ma_don_hang, ma_san_pham, so_luong, don_gia) VALUES ('DH202500062', 'PRD101', 2, 195340);
INSERT INTO ChiTietDonHang (ma_don_hang, ma_san_pham, so_luong, don_gia) VALUES ('DH202500235', 'PRD049', 3, 1000179);
INSERT INTO ChiTietDonHang (ma_don_hang, ma_san_pham, so_luong, don_gia) VALUES ('DH202500056', 'PRD107', 1, 1906665);
INSERT INTO ChiTietDonHang (ma_don_hang, ma_san_pham, so_luong, don_gia) VALUES ('DH202500064', 'PRD116', 4, 205990);
INSERT INTO ChiTietDonHang (ma_don_hang, ma_san_pham, so_luong, don_gia) VALUES ('DH202500003', 'PRD136', 1, 1879175);
INSERT INTO ChiTietDonHang (ma_don_hang, ma_san_pham, so_luong, don_gia) VALUES ('DH202500284', 'PRD111', 5, 1390540);
INSERT INTO ChiTietDonHang (ma_don_hang, ma_san_pham, so_luong, don_gia) VALUES ('DH202500248', 'PRD131', 2, 1474873);
INSERT INTO ChiTietDonHang (ma_don_hang, ma_san_pham, so_luong, don_gia) VALUES ('DH202500297', 'PRD045', 2, 1727751);
INSERT INTO ChiTietDonHang (ma_don_hang, ma_san_pham, so_luong, don_gia) VALUES ('DH202500054', 'PRD100', 5, 1281992);
INSERT INTO ChiTietDonHang (ma_don_hang, ma_san_pham, so_luong, don_gia) VALUES ('DH202500165', 'PRD130', 4, 1984851);
INSERT INTO ChiTietDonHang (ma_don_hang, ma_san_pham, so_luong, don_gia) VALUES ('DH202500215', 'PRD064', 3, 1143382);
INSERT INTO ChiTietDonHang (ma_don_hang, ma_san_pham, so_luong, don_gia) VALUES ('DH202500204', 'PRD088', 3, 1954399);
INSERT INTO ChiTietDonHang (ma_don_hang, ma_san_pham, so_luong, don_gia) VALUES ('DH202500232', 'PRD035', 2, 315146);
INSERT INTO ChiTietDonHang (ma_don_hang, ma_san_pham, so_luong, don_gia) VALUES ('DH202500212', 'PRD132', 3, 1107574);
INSERT INTO ChiTietDonHang (ma_don_hang, ma_san_pham, so_luong, don_gia) VALUES ('DH202500281', 'PRD081', 5, 384643);
INSERT INTO ChiTietDonHang (ma_don_hang, ma_san_pham, so_luong, don_gia) VALUES ('DH202500112', 'PRD052', 2, 1931508);
INSERT INTO ChiTietDonHang (ma_don_hang, ma_san_pham, so_luong, don_gia) VALUES ('DH202500149', 'PRD089', 2, 1607578);
INSERT INTO ChiTietDonHang (ma_don_hang, ma_san_pham, so_luong, don_gia) VALUES ('DH202500092', 'PRD129', 5, 794659);
INSERT INTO ChiTietDonHang (ma_don_hang, ma_san_pham, so_luong, don_gia) VALUES ('DH202500166', 'PRD030', 3, 1219902);
INSERT INTO ChiTietDonHang (ma_don_hang, ma_san_pham, so_luong, don_gia) VALUES ('DH202500288', 'PRD123', 5, 866732);
INSERT INTO ChiTietDonHang (ma_don_hang, ma_san_pham, so_luong, don_gia) VALUES ('DH202500293', 'PRD107', 5, 1906665);
INSERT INTO ChiTietDonHang (ma_don_hang, ma_san_pham, so_luong, don_gia) VALUES ('DH202500147', 'PRD109', 1, 606961);
INSERT INTO ChiTietDonHang (ma_don_hang, ma_san_pham, so_luong, don_gia) VALUES ('DH202500268', 'PRD028', 1, 1017867);
INSERT INTO ChiTietDonHang (ma_don_hang, ma_san_pham, so_luong, don_gia) VALUES ('DH202500196', 'PRD038', 1, 833133);
INSERT INTO ChiTietDonHang (ma_don_hang, ma_san_pham, so_luong, don_gia) VALUES ('DH202500029', 'PRD052', 3, 1931508);
INSERT INTO ChiTietDonHang (ma_don_hang, ma_san_pham, so_luong, don_gia) VALUES ('DH202500083', 'PRD074', 3, 902903);
INSERT INTO ChiTietDonHang (ma_don_hang, ma_san_pham, so_luong, don_gia) VALUES ('DH202500075', 'PRD016', 3, 791411);
INSERT INTO ChiTietDonHang (ma_don_hang, ma_san_pham, so_luong, don_gia) VALUES ('DH202500105', 'PRD139', 1, 842993);
INSERT INTO ChiTietDonHang (ma_don_hang, ma_san_pham, so_luong, don_gia) VALUES ('DH202500184', 'PRD116', 1, 205990);
INSERT INTO ChiTietDonHang (ma_don_hang, ma_san_pham, so_luong, don_gia) VALUES ('DH202500288', 'PRD058', 5, 715393);
INSERT INTO ChiTietDonHang (ma_don_hang, ma_san_pham, so_luong, don_gia) VALUES ('DH202500200', 'PRD061', 5, 848629);
INSERT INTO ChiTietDonHang (ma_don_hang, ma_san_pham, so_luong, don_gia) VALUES ('DH202500148', 'PRD013', 4, 619556);
INSERT INTO ChiTietDonHang (ma_don_hang, ma_san_pham, so_luong, don_gia) VALUES ('DH202500199', 'PRD107', 3, 1906665);
INSERT INTO ChiTietDonHang (ma_don_hang, ma_san_pham, so_luong, don_gia) VALUES ('DH202500283', 'PRD014', 1, 881927);
INSERT INTO ChiTietDonHang (ma_don_hang, ma_san_pham, so_luong, don_gia) VALUES ('DH202500129', 'PRD052', 5, 1931508);
INSERT INTO ChiTietDonHang (ma_don_hang, ma_san_pham, so_luong, don_gia) VALUES ('DH202500227', 'PRD058', 3, 715393);
INSERT INTO ChiTietDonHang (ma_don_hang, ma_san_pham, so_luong, don_gia) VALUES ('DH202500280', 'PRD051', 2, 856240);
INSERT INTO ChiTietDonHang (ma_don_hang, ma_san_pham, so_luong, don_gia) VALUES ('DH202500151', 'PRD115', 2, 1058882);
INSERT INTO ChiTietDonHang (ma_don_hang, ma_san_pham, so_luong, don_gia) VALUES ('DH202500039', 'PRD048', 2, 1180821);
INSERT INTO ChiTietDonHang (ma_don_hang, ma_san_pham, so_luong, don_gia) VALUES ('DH202500264', 'PRD031', 4, 1851359);
INSERT INTO ChiTietDonHang (ma_don_hang, ma_san_pham, so_luong, don_gia) VALUES ('DH202500021', 'PRD110', 3, 395441);
INSERT INTO ChiTietDonHang (ma_don_hang, ma_san_pham, so_luong, don_gia) VALUES ('DH202500285', 'PRD068', 2, 1546541);
INSERT INTO ChiTietDonHang (ma_don_hang, ma_san_pham, so_luong, don_gia) VALUES ('DH202500083', 'PRD150', 3, 588293);
INSERT INTO ChiTietDonHang (ma_don_hang, ma_san_pham, so_luong, don_gia) VALUES ('DH202500003', 'PRD085', 4, 858104);
INSERT INTO ChiTietDonHang (ma_don_hang, ma_san_pham, so_luong, don_gia) VALUES ('DH202500080', 'PRD011', 2, 1097466);
INSERT INTO ChiTietDonHang (ma_don_hang, ma_san_pham, so_luong, don_gia) VALUES ('DH202500166', 'PRD014', 5, 881927);
INSERT INTO ChiTietDonHang (ma_don_hang, ma_san_pham, so_luong, don_gia) VALUES ('DH202500155', 'PRD126', 5, 1385697);
INSERT INTO ChiTietDonHang (ma_don_hang, ma_san_pham, so_luong, don_gia) VALUES ('DH202500282', 'PRD092', 1, 1838651);
INSERT INTO ChiTietDonHang (ma_don_hang, ma_san_pham, so_luong, don_gia) VALUES ('DH202500163', 'PRD135', 2, 1548084);
INSERT INTO ChiTietDonHang (ma_don_hang, ma_san_pham, so_luong, don_gia) VALUES ('DH202500095', 'PRD134', 1, 139714);
INSERT INTO ChiTietDonHang (ma_don_hang, ma_san_pham, so_luong, don_gia) VALUES ('DH202500259', 'PRD041', 4, 406287);
INSERT INTO ChiTietDonHang (ma_don_hang, ma_san_pham, so_luong, don_gia) VALUES ('DH202500279', 'PRD138', 4, 463189);
INSERT INTO ChiTietDonHang (ma_don_hang, ma_san_pham, so_luong, don_gia) VALUES ('DH202500048', 'PRD090', 2, 1305653);
INSERT INTO ChiTietDonHang (ma_don_hang, ma_san_pham, so_luong, don_gia) VALUES ('DH202500110', 'PRD085', 3, 858104);
INSERT INTO ChiTietDonHang (ma_don_hang, ma_san_pham, so_luong, don_gia) VALUES ('DH202500185', 'PRD076', 2, 388767);
INSERT INTO ChiTietDonHang (ma_don_hang, ma_san_pham, so_luong, don_gia) VALUES ('DH202500272', 'PRD122', 5, 302755);
INSERT INTO ChiTietDonHang (ma_don_hang, ma_san_pham, so_luong, don_gia) VALUES ('DH202500005', 'PRD030', 3, 1219902);
INSERT INTO ChiTietDonHang (ma_don_hang, ma_san_pham, so_luong, don_gia) VALUES ('DH202500229', 'PRD062', 5, 361043);
INSERT INTO ChiTietDonHang (ma_don_hang, ma_san_pham, so_luong, don_gia) VALUES ('DH202500125', 'PRD011', 3, 1097466);
INSERT INTO ChiTietDonHang (ma_don_hang, ma_san_pham, so_luong, don_gia) VALUES ('DH202500196', 'PRD030', 4, 1219902);
INSERT INTO ChiTietDonHang (ma_don_hang, ma_san_pham, so_luong, don_gia) VALUES ('DH202500132', 'PRD139', 3, 842993);
INSERT INTO ChiTietDonHang (ma_don_hang, ma_san_pham, so_luong, don_gia) VALUES ('DH202500013', 'PRD133', 3, 1823148);
INSERT INTO ChiTietDonHang (ma_don_hang, ma_san_pham, so_luong, don_gia) VALUES ('DH202500264', 'PRD131', 4, 1474873);
INSERT INTO ChiTietDonHang (ma_don_hang, ma_san_pham, so_luong, don_gia) VALUES ('DH202500250', 'PRD012', 3, 1800720);
INSERT INTO ChiTietDonHang (ma_don_hang, ma_san_pham, so_luong, don_gia) VALUES ('DH202500099', 'PRD083', 5, 236187);
INSERT INTO ChiTietDonHang (ma_don_hang, ma_san_pham, so_luong, don_gia) VALUES ('DH202500043', 'PRD025', 2, 1752807);
INSERT INTO ChiTietDonHang (ma_don_hang, ma_san_pham, so_luong, don_gia) VALUES ('DH202500276', 'PRD137', 1, 781678);
INSERT INTO ChiTietDonHang (ma_don_hang, ma_san_pham, so_luong, don_gia) VALUES ('DH202500034', 'PRD054', 2, 605677);
INSERT INTO ChiTietDonHang (ma_don_hang, ma_san_pham, so_luong, don_gia) VALUES ('DH202500218', 'PRD027', 2, 440257);
INSERT INTO ChiTietDonHang (ma_don_hang, ma_san_pham, so_luong, don_gia) VALUES ('DH202500276', 'PRD112', 1, 786682);
INSERT INTO ChiTietDonHang (ma_don_hang, ma_san_pham, so_luong, don_gia) VALUES ('DH202500079', 'PRD007', 4, 1047732);
INSERT INTO ChiTietDonHang (ma_don_hang, ma_san_pham, so_luong, don_gia) VALUES ('DH202500170', 'PRD010', 1, 1798307);
INSERT INTO ChiTietDonHang (ma_don_hang, ma_san_pham, so_luong, don_gia) VALUES ('DH202500038', 'PRD014', 2, 881927);
INSERT INTO ChiTietDonHang (ma_don_hang, ma_san_pham, so_luong, don_gia) VALUES ('DH202500129', 'PRD143', 1, 355588);
INSERT INTO ChiTietDonHang (ma_don_hang, ma_san_pham, so_luong, don_gia) VALUES ('DH202500295', 'PRD059', 3, 187883);
INSERT INTO ChiTietDonHang (ma_don_hang, ma_san_pham, so_luong, don_gia) VALUES ('DH202500209', 'PRD100', 4, 1281992);
INSERT INTO ChiTietDonHang (ma_don_hang, ma_san_pham, so_luong, don_gia) VALUES ('DH202500208', 'PRD111', 3, 1390540);
INSERT INTO ChiTietDonHang (ma_don_hang, ma_san_pham, so_luong, don_gia) VALUES ('DH202500009', 'PRD100', 1, 1281992);
INSERT INTO ChiTietDonHang (ma_don_hang, ma_san_pham, so_luong, don_gia) VALUES ('DH202500274', 'PRD002', 5, 1720779);
INSERT INTO ChiTietDonHang (ma_don_hang, ma_san_pham, so_luong, don_gia) VALUES ('DH202500033', 'PRD150', 1, 588293);
INSERT INTO ChiTietDonHang (ma_don_hang, ma_san_pham, so_luong, don_gia) VALUES ('DH202500038', 'PRD092', 5, 1838651);
INSERT INTO ChiTietDonHang (ma_don_hang, ma_san_pham, so_luong, don_gia) VALUES ('DH202500055', 'PRD075', 3, 1043556);
INSERT INTO ChiTietDonHang (ma_don_hang, ma_san_pham, so_luong, don_gia) VALUES ('DH202500045', 'PRD073', 4, 240998);
INSERT INTO ChiTietDonHang (ma_don_hang, ma_san_pham, so_luong, don_gia) VALUES ('DH202500196', 'PRD102', 1, 542097);
INSERT INTO ChiTietDonHang (ma_don_hang, ma_san_pham, so_luong, don_gia) VALUES ('DH202500243', 'PRD041', 5, 406287);
INSERT INTO ChiTietDonHang (ma_don_hang, ma_san_pham, so_luong, don_gia) VALUES ('DH202500113', 'PRD035', 4, 315146);
INSERT INTO ChiTietDonHang (ma_don_hang, ma_san_pham, so_luong, don_gia) VALUES ('DH202500280', 'PRD076', 2, 388767);
INSERT INTO ChiTietDonHang (ma_don_hang, ma_san_pham, so_luong, don_gia) VALUES ('DH202500153', 'PRD096', 1, 265381);
INSERT INTO ChiTietDonHang (ma_don_hang, ma_san_pham, so_luong, don_gia) VALUES ('DH202500284', 'PRD143', 2, 355588);
INSERT INTO ChiTietDonHang (ma_don_hang, ma_san_pham, so_luong, don_gia) VALUES ('DH202500064', 'PRD011', 1, 1097466);
INSERT INTO ChiTietDonHang (ma_don_hang, ma_san_pham, so_luong, don_gia) VALUES ('DH202500294', 'PRD101', 5, 195340);
INSERT INTO ChiTietDonHang (ma_don_hang, ma_san_pham, so_luong, don_gia) VALUES ('DH202500281', 'PRD022', 3, 1506048);
INSERT INTO ChiTietDonHang (ma_don_hang, ma_san_pham, so_luong, don_gia) VALUES ('DH202500108', 'PRD089', 2, 1607578);
INSERT INTO ChiTietDonHang (ma_don_hang, ma_san_pham, so_luong, don_gia) VALUES ('DH202500083', 'PRD048', 2, 1180821);
INSERT INTO ChiTietDonHang (ma_don_hang, ma_san_pham, so_luong, don_gia) VALUES ('DH202500130', 'PRD050', 1, 973605);
INSERT INTO ChiTietDonHang (ma_don_hang, ma_san_pham, so_luong, don_gia) VALUES ('DH202500093', 'PRD146', 1, 1027729);
INSERT INTO ChiTietDonHang (ma_don_hang, ma_san_pham, so_luong, don_gia) VALUES ('DH202500282', 'PRD119', 5, 194880);
INSERT INTO ChiTietDonHang (ma_don_hang, ma_san_pham, so_luong, don_gia) VALUES ('DH202500038', 'PRD075', 1, 1043556);
INSERT INTO ChiTietDonHang (ma_don_hang, ma_san_pham, so_luong, don_gia) VALUES ('DH202500129', 'PRD026', 2, 806246);
INSERT INTO ChiTietDonHang (ma_don_hang, ma_san_pham, so_luong, don_gia) VALUES ('DH202500298', 'PRD125', 3, 1093513);
INSERT INTO ChiTietDonHang (ma_don_hang, ma_san_pham, so_luong, don_gia) VALUES ('DH202500183', 'PRD033', 2, 439860);
INSERT INTO ChiTietDonHang (ma_don_hang, ma_san_pham, so_luong, don_gia) VALUES ('DH202500052', 'PRD073', 5, 240998);
INSERT INTO ChiTietDonHang (ma_don_hang, ma_san_pham, so_luong, don_gia) VALUES ('DH202500036', 'PRD050', 3, 973605);
INSERT INTO ChiTietDonHang (ma_don_hang, ma_san_pham, so_luong, don_gia) VALUES ('DH202500249', 'PRD116', 3, 205990);
INSERT INTO ChiTietDonHang (ma_don_hang, ma_san_pham, so_luong, don_gia) VALUES ('DH202500157', 'PRD150', 2, 588293);
INSERT INTO ChiTietDonHang (ma_don_hang, ma_san_pham, so_luong, don_gia) VALUES ('DH202500290', 'PRD146', 3, 1027729);
INSERT INTO ChiTietDonHang (ma_don_hang, ma_san_pham, so_luong, don_gia) VALUES ('DH202500162', 'PRD110', 2, 395441);
INSERT INTO ChiTietDonHang (ma_don_hang, ma_san_pham, so_luong, don_gia) VALUES ('DH202500003', 'PRD081', 2, 384643);
INSERT INTO ChiTietDonHang (ma_don_hang, ma_san_pham, so_luong, don_gia) VALUES ('DH202500114', 'PRD112', 3, 786682);
INSERT INTO ChiTietDonHang (ma_don_hang, ma_san_pham, so_luong, don_gia) VALUES ('DH202500185', 'PRD035', 3, 315146);
INSERT INTO ChiTietDonHang (ma_don_hang, ma_san_pham, so_luong, don_gia) VALUES ('DH202500246', 'PRD119', 4, 194880);
INSERT INTO ChiTietDonHang (ma_don_hang, ma_san_pham, so_luong, don_gia) VALUES ('DH202500184', 'PRD079', 4, 1725218);
INSERT INTO ChiTietDonHang (ma_don_hang, ma_san_pham, so_luong, don_gia) VALUES ('DH202500283', 'PRD028', 2, 1017867);
INSERT INTO ChiTietDonHang (ma_don_hang, ma_san_pham, so_luong, don_gia) VALUES ('DH202500042', 'PRD072', 2, 1374172);
INSERT INTO ChiTietDonHang (ma_don_hang, ma_san_pham, so_luong, don_gia) VALUES ('DH202500276', 'PRD051', 3, 856240);
INSERT INTO ChiTietDonHang (ma_don_hang, ma_san_pham, so_luong, don_gia) VALUES ('DH202500040', 'PRD020', 1, 1586532);
INSERT INTO ChiTietDonHang (ma_don_hang, ma_san_pham, so_luong, don_gia) VALUES ('DH202500260', 'PRD008', 5, 1451963);
INSERT INTO ChiTietDonHang (ma_don_hang, ma_san_pham, so_luong, don_gia) VALUES ('DH202500297', 'PRD104', 5, 613546);
INSERT INTO ChiTietDonHang (ma_don_hang, ma_san_pham, so_luong, don_gia) VALUES ('DH202500109', 'PRD010', 5, 1798307);
INSERT INTO ChiTietDonHang (ma_don_hang, ma_san_pham, so_luong, don_gia) VALUES ('DH202500134', 'PRD140', 5, 1115399);
INSERT INTO ChiTietDonHang (ma_don_hang, ma_san_pham, so_luong, don_gia) VALUES ('DH202500242', 'PRD039', 3, 884254);
INSERT INTO ChiTietDonHang (ma_don_hang, ma_san_pham, so_luong, don_gia) VALUES ('DH202500201', 'PRD058', 5, 715393);
INSERT INTO ChiTietDonHang (ma_don_hang, ma_san_pham, so_luong, don_gia) VALUES ('DH202500149', 'PRD035', 4, 315146);
INSERT INTO ChiTietDonHang (ma_don_hang, ma_san_pham, so_luong, don_gia) VALUES ('DH202500257', 'PRD131', 1, 1474873);
INSERT INTO ChiTietDonHang (ma_don_hang, ma_san_pham, so_luong, don_gia) VALUES ('DH202500204', 'PRD094', 5, 360384);
INSERT INTO ChiTietDonHang (ma_don_hang, ma_san_pham, so_luong, don_gia) VALUES ('DH202500006', 'PRD062', 5, 361043);
INSERT INTO ChiTietDonHang (ma_don_hang, ma_san_pham, so_luong, don_gia) VALUES ('DH202500085', 'PRD132', 2, 1107574);
INSERT INTO ChiTietDonHang (ma_don_hang, ma_san_pham, so_luong, don_gia) VALUES ('DH202500229', 'PRD041', 2, 406287);
INSERT INTO ChiTietDonHang (ma_don_hang, ma_san_pham, so_luong, don_gia) VALUES ('DH202500290', 'PRD145', 2, 188219);
INSERT INTO ChiTietDonHang (ma_don_hang, ma_san_pham, so_luong, don_gia) VALUES ('DH202500248', 'PRD092', 1, 1838651);
INSERT INTO ChiTietDonHang (ma_don_hang, ma_san_pham, so_luong, don_gia) VALUES ('DH202500113', 'PRD125', 2, 1093513);
INSERT INTO ChiTietDonHang (ma_don_hang, ma_san_pham, so_luong, don_gia) VALUES ('DH202500120', 'PRD011', 2, 1097466);
INSERT INTO ChiTietDonHang (ma_don_hang, ma_san_pham, so_luong, don_gia) VALUES ('DH202500266', 'PRD093', 4, 370601);
INSERT INTO ChiTietDonHang (ma_don_hang, ma_san_pham, so_luong, don_gia) VALUES ('DH202500241', 'PRD117', 1, 1225522);
INSERT INTO ChiTietDonHang (ma_don_hang, ma_san_pham, so_luong, don_gia) VALUES ('DH202500021', 'PRD083', 1, 236187);
INSERT INTO ChiTietDonHang (ma_don_hang, ma_san_pham, so_luong, don_gia) VALUES ('DH202500267', 'PRD071', 3, 1176019);
INSERT INTO ChiTietDonHang (ma_don_hang, ma_san_pham, so_luong, don_gia) VALUES ('DH202500297', 'PRD140', 5, 1115399);
INSERT INTO ChiTietDonHang (ma_don_hang, ma_san_pham, so_luong, don_gia) VALUES ('DH202500090', 'PRD097', 4, 1410766);
INSERT INTO ChiTietDonHang (ma_don_hang, ma_san_pham, so_luong, don_gia) VALUES ('DH202500188', 'PRD020', 5, 1586532);
INSERT INTO ChiTietDonHang (ma_don_hang, ma_san_pham, so_luong, don_gia) VALUES ('DH202500129', 'PRD097', 2, 1410766);
INSERT INTO ChiTietDonHang (ma_don_hang, ma_san_pham, so_luong, don_gia) VALUES ('DH202500265', 'PRD104', 3, 613546);
INSERT INTO ChiTietDonHang (ma_don_hang, ma_san_pham, so_luong, don_gia) VALUES ('DH202500177', 'PRD125', 4, 1093513);
INSERT INTO ChiTietDonHang (ma_don_hang, ma_san_pham, so_luong, don_gia) VALUES ('DH202500004', 'PRD129', 2, 794659);
INSERT INTO ChiTietDonHang (ma_don_hang, ma_san_pham, so_luong, don_gia) VALUES ('DH202500226', 'PRD043', 2, 1390478);
INSERT INTO ChiTietDonHang (ma_don_hang, ma_san_pham, so_luong, don_gia) VALUES ('DH202500040', 'PRD132', 3, 1107574);
INSERT INTO ChiTietDonHang (ma_don_hang, ma_san_pham, so_luong, don_gia) VALUES ('DH202500109', 'PRD039', 2, 884254);
INSERT INTO ChiTietDonHang (ma_don_hang, ma_san_pham, so_luong, don_gia) VALUES ('DH202500081', 'PRD093', 5, 370601);
INSERT INTO ChiTietDonHang (ma_don_hang, ma_san_pham, so_luong, don_gia) VALUES ('DH202500061', 'PRD059', 4, 187883);
INSERT INTO ChiTietDonHang (ma_don_hang, ma_san_pham, so_luong, don_gia) VALUES ('DH202500170', 'PRD030', 4, 1219902);
INSERT INTO ChiTietDonHang (ma_don_hang, ma_san_pham, so_luong, don_gia) VALUES ('DH202500246', 'PRD123', 2, 866732);
INSERT INTO ChiTietDonHang (ma_don_hang, ma_san_pham, so_luong, don_gia) VALUES ('DH202500083', 'PRD106', 1, 1074005);
INSERT INTO ChiTietDonHang (ma_don_hang, ma_san_pham, so_luong, don_gia) VALUES ('DH202500125', 'PRD012', 2, 1800720);
INSERT INTO ChiTietDonHang (ma_don_hang, ma_san_pham, so_luong, don_gia) VALUES ('DH202500294', 'PRD042', 2, 1842965);
INSERT INTO ChiTietDonHang (ma_don_hang, ma_san_pham, so_luong, don_gia) VALUES ('DH202500263', 'PRD011', 5, 1097466);
INSERT INTO ChiTietDonHang (ma_don_hang, ma_san_pham, so_luong, don_gia) VALUES ('DH202500076', 'PRD015', 2, 1353857);
INSERT INTO ChiTietDonHang (ma_don_hang, ma_san_pham, so_luong, don_gia) VALUES ('DH202500133', 'PRD047', 5, 332485);
INSERT INTO ChiTietDonHang (ma_don_hang, ma_san_pham, so_luong, don_gia) VALUES ('DH202500208', 'PRD145', 1, 188219);
INSERT INTO ChiTietDonHang (ma_don_hang, ma_san_pham, so_luong, don_gia) VALUES ('DH202500146', 'PRD022', 2, 1506048);
INSERT INTO ChiTietDonHang (ma_don_hang, ma_san_pham, so_luong, don_gia) VALUES ('DH202500230', 'PRD121', 4, 1253133);
INSERT INTO ChiTietDonHang (ma_don_hang, ma_san_pham, so_luong, don_gia) VALUES ('DH202500088', 'PRD057', 4, 482264);
INSERT INTO ChiTietDonHang (ma_don_hang, ma_san_pham, so_luong, don_gia) VALUES ('DH202500074', 'PRD150', 2, 588293);
INSERT INTO ChiTietDonHang (ma_don_hang, ma_san_pham, so_luong, don_gia) VALUES ('DH202500262', 'PRD068', 2, 1546541);
INSERT INTO ChiTietDonHang (ma_don_hang, ma_san_pham, so_luong, don_gia) VALUES ('DH202500176', 'PRD117', 5, 1225522);
INSERT INTO ChiTietDonHang (ma_don_hang, ma_san_pham, so_luong, don_gia) VALUES ('DH202500036', 'PRD059', 4, 187883);
INSERT INTO ChiTietDonHang (ma_don_hang, ma_san_pham, so_luong, don_gia) VALUES ('DH202500198', 'PRD034', 1, 624294);
INSERT INTO ChiTietDonHang (ma_don_hang, ma_san_pham, so_luong, don_gia) VALUES ('DH202500009', 'PRD052', 5, 1931508);
INSERT INTO ChiTietDonHang (ma_don_hang, ma_san_pham, so_luong, don_gia) VALUES ('DH202500259', 'PRD108', 2, 936169);
INSERT INTO ChiTietDonHang (ma_don_hang, ma_san_pham, so_luong, don_gia) VALUES ('DH202500050', 'PRD046', 4, 600043);
INSERT INTO ChiTietDonHang (ma_don_hang, ma_san_pham, so_luong, don_gia) VALUES ('DH202500020', 'PRD137', 5, 781678);
INSERT INTO ChiTietDonHang (ma_don_hang, ma_san_pham, so_luong, don_gia) VALUES ('DH202500061', 'PRD024', 4, 575095);
INSERT INTO ChiTietDonHang (ma_don_hang, ma_san_pham, so_luong, don_gia) VALUES ('DH202500067', 'PRD139', 1, 842993);
INSERT INTO ChiTietDonHang (ma_don_hang, ma_san_pham, so_luong, don_gia) VALUES ('DH202500221', 'PRD134', 4, 139714);
INSERT INTO ChiTietDonHang (ma_don_hang, ma_san_pham, so_luong, don_gia) VALUES ('DH202500220', 'PRD059', 4, 187883);
INSERT INTO ChiTietDonHang (ma_don_hang, ma_san_pham, so_luong, don_gia) VALUES ('DH202500196', 'PRD090', 5, 1305653);
INSERT INTO ChiTietDonHang (ma_don_hang, ma_san_pham, so_luong, don_gia) VALUES ('DH202500295', 'PRD026', 4, 806246);
INSERT INTO ChiTietDonHang (ma_don_hang, ma_san_pham, so_luong, don_gia) VALUES ('DH202500069', 'PRD066', 4, 716072);
INSERT INTO ChiTietDonHang (ma_don_hang, ma_san_pham, so_luong, don_gia) VALUES ('DH202500120', 'PRD022', 3, 1506048);
INSERT INTO ChiTietDonHang (ma_don_hang, ma_san_pham, so_luong, don_gia) VALUES ('DH202500279', 'PRD105', 3, 1544127);
INSERT INTO ChiTietDonHang (ma_don_hang, ma_san_pham, so_luong, don_gia) VALUES ('DH202500097', 'PRD002', 1, 1720779);
INSERT INTO ChiTietDonHang (ma_don_hang, ma_san_pham, so_luong, don_gia) VALUES ('DH202500296', 'PRD134', 1, 139714);
INSERT INTO ChiTietDonHang (ma_don_hang, ma_san_pham, so_luong, don_gia) VALUES ('DH202500267', 'PRD002', 4, 1720779);
INSERT INTO ChiTietDonHang (ma_don_hang, ma_san_pham, so_luong, don_gia) VALUES ('DH202500106', 'PRD081', 4, 384643);
INSERT INTO ChiTietDonHang (ma_don_hang, ma_san_pham, so_luong, don_gia) VALUES ('DH202500186', 'PRD028', 2, 1017867);
INSERT INTO ChiTietDonHang (ma_don_hang, ma_san_pham, so_luong, don_gia) VALUES ('DH202500219', 'PRD150', 3, 588293);
INSERT INTO ChiTietDonHang (ma_don_hang, ma_san_pham, so_luong, don_gia) VALUES ('DH202500134', 'PRD138', 4, 463189);
INSERT INTO ChiTietDonHang (ma_don_hang, ma_san_pham, so_luong, don_gia) VALUES ('DH202500290', 'PRD094', 5, 360384);
INSERT INTO ChiTietDonHang (ma_don_hang, ma_san_pham, so_luong, don_gia) VALUES ('DH202500142', 'PRD102', 2, 542097);
INSERT INTO ChiTietDonHang (ma_don_hang, ma_san_pham, so_luong, don_gia) VALUES ('DH202500212', 'PRD142', 5, 1106220);
INSERT INTO ChiTietDonHang (ma_don_hang, ma_san_pham, so_luong, don_gia) VALUES ('DH202500248', 'PRD046', 3, 600043);
INSERT INTO ChiTietDonHang (ma_don_hang, ma_san_pham, so_luong, don_gia) VALUES ('DH202500287', 'PRD143', 4, 355588);
INSERT INTO ChiTietDonHang (ma_don_hang, ma_san_pham, so_luong, don_gia) VALUES ('DH202500130', 'PRD079', 5, 1725218);

-- select count(*) from ChiTietDonHang
-- 9. DonViVanChuyen
-- truncate table DonViVanChuyen
INSERT INTO DonViVanChuyen (ma_don_vi_van_chuyen, ten_don_vi_van_chuyen) VALUES ('GHN', 'Giao Hàng Nhanh');
INSERT INTO DonViVanChuyen (ma_don_vi_van_chuyen, ten_don_vi_van_chuyen) VALUES ('GHTK', 'Giao Hàng Tiết Kiệm');
INSERT INTO DonViVanChuyen (ma_don_vi_van_chuyen, ten_don_vi_van_chuyen) VALUES ('VTP', 'Viettel Post');
INSERT INTO DonViVanChuyen (ma_don_vi_van_chuyen, ten_don_vi_van_chuyen) VALUES ('VNPOST', 'Bưu điện Việt Nam');

-- select count(*) from DonViVanChuyen
-- 10. NguoiVanChuyen
-- truncate table NguoiVanChuyen
INSERT INTO NguoiVanChuyen (ma_nguoi_van_chuyen, ma_don_vi_van_chuyen, ho_ten, sdt, bien_so_xe) VALUES (1001, 'VTP', 'Vũ Lê', '0828531242', '92A-25608');
INSERT INTO NguoiVanChuyen (ma_nguoi_van_chuyen, ma_don_vi_van_chuyen, ho_ten, sdt, bien_so_xe) VALUES (1002, 'GHTK', 'Quý cô An Nguyễn', '0831715773', '56A-38109');
INSERT INTO NguoiVanChuyen (ma_nguoi_van_chuyen, ma_don_vi_van_chuyen, ho_ten, sdt, bien_so_xe) VALUES (1003, 'VNPOST', 'Anh Hoàng', '0783897088', '89A-99727');
INSERT INTO NguoiVanChuyen (ma_nguoi_van_chuyen, ma_don_vi_van_chuyen, ho_ten, sdt, bien_so_xe) VALUES (1004, 'GHN', 'Chị Duyên Hoàng', '0562224611', '90A-10693');
INSERT INTO NguoiVanChuyen (ma_nguoi_van_chuyen, ma_don_vi_van_chuyen, ho_ten, sdt, bien_so_xe) VALUES (1005, 'GHN', 'Bà Mai Vũ', '0573306295', '88A-67065');
INSERT INTO NguoiVanChuyen (ma_nguoi_van_chuyen, ma_don_vi_van_chuyen, ho_ten, sdt, bien_so_xe) VALUES (1006, 'GHN', 'Chi Lê', '0345311610', '64A-58606');
INSERT INTO NguoiVanChuyen (ma_nguoi_van_chuyen, ma_don_vi_van_chuyen, ho_ten, sdt, bien_so_xe) VALUES (1007, 'GHN', 'Bà Duyên Phạm', '0915067435', '96A-60374');
INSERT INTO NguoiVanChuyen (ma_nguoi_van_chuyen, ma_don_vi_van_chuyen, ho_ten, sdt, bien_so_xe) VALUES (1008, 'VNPOST', 'Anh Trung Vũ', '0998070348', '83A-47548');
INSERT INTO NguoiVanChuyen (ma_nguoi_van_chuyen, ma_don_vi_van_chuyen, ho_ten, sdt, bien_so_xe) VALUES (1009, 'GHN', 'Anh Lê', '0595938445', '81A-67536');
INSERT INTO NguoiVanChuyen (ma_nguoi_van_chuyen, ma_don_vi_van_chuyen, ho_ten, sdt, bien_so_xe) VALUES (1010, 'GHN', 'Quý cô Vi Bùi', '0598165507', '83A-47487');
INSERT INTO NguoiVanChuyen (ma_nguoi_van_chuyen, ma_don_vi_van_chuyen, ho_ten, sdt, bien_so_xe) VALUES (1011, 'GHTK', 'Quý cô Lâm Dương', '0390465529', '82A-77608');
INSERT INTO NguoiVanChuyen (ma_nguoi_van_chuyen, ma_don_vi_van_chuyen, ho_ten, sdt, bien_so_xe) VALUES (1012, 'GHTK', 'Lâm Hoàng', '0932747608', '93A-14726');
INSERT INTO NguoiVanChuyen (ma_nguoi_van_chuyen, ma_don_vi_van_chuyen, ho_ten, sdt, bien_so_xe) VALUES (1013, 'VTP', 'Khoa Mai Bảo Hoàng', '0597915178', '50A-30636');
INSERT INTO NguoiVanChuyen (ma_nguoi_van_chuyen, ma_don_vi_van_chuyen, ho_ten, sdt, bien_so_xe) VALUES (1014, 'GHN', 'Chi Dương', '0763611082', '72A-97773');
INSERT INTO NguoiVanChuyen (ma_nguoi_van_chuyen, ma_don_vi_van_chuyen, ho_ten, sdt, bien_so_xe) VALUES (1015, 'VNPOST', 'Bà Lâm Trần', '0888662348', '62A-77861');

-- select count(*) from NguoiVanChuyen
-- 11. ThongTinVanChuyen
-- truncate table ThongTinVanChuyen
INSERT INTO ThongTinVanChuyen (ma_van_chuyen, ma_don_hang, ma_nguoi_van_chuyen, dia_chi_giao, ngay_giao_du_kien, trang_thai) VALUES ('VC202500001', 'DH202500008', 1012, '287 Phố Huế, Quận Cầu Giấy, Nha Trang', TO_DATE('2025-10-02','YYYY-MM-DD'), 'DANG_GIAO');
INSERT INTO ThongTinVanChuyen (ma_van_chuyen, ma_don_hang, ma_nguoi_van_chuyen, dia_chi_giao, ngay_giao_du_kien, trang_thai) VALUES ('VC202500002', 'DH202500142', 1004, '207 Phố Huế, Quận Hoàn Kiếm, Cần Thơ', TO_DATE('2025-09-02','YYYY-MM-DD'), 'HUY');
INSERT INTO ThongTinVanChuyen (ma_van_chuyen, ma_don_hang, ma_nguoi_van_chuyen, dia_chi_giao, ngay_giao_du_kien, trang_thai) VALUES ('VC202500003', 'DH202500090', 1007, '38 Nguyễn Thị Minh Khai, Quận Thanh Xuân, Nha Trang', TO_DATE('2025-04-13','YYYY-MM-DD'), 'DA_GIAO');
INSERT INTO ThongTinVanChuyen (ma_van_chuyen, ma_don_hang, ma_nguoi_van_chuyen, dia_chi_giao, ngay_giao_du_kien, trang_thai) VALUES ('VC202500004', 'DH202500060', 1013, '227 Hai Bà Trưng, Quận Tân Bình, Vinh', TO_DATE('2025-07-19','YYYY-MM-DD'), 'DANG_GIAO');
INSERT INTO ThongTinVanChuyen (ma_van_chuyen, ma_don_hang, ma_nguoi_van_chuyen, dia_chi_giao, ngay_giao_du_kien, trang_thai) VALUES ('VC202500005', 'DH202500125', 1013, '236 Phố Huế, Quận Hoàn Kiếm, Vinh', TO_DATE('2025-10-01','YYYY-MM-DD'), 'HUY');
INSERT INTO ThongTinVanChuyen (ma_van_chuyen, ma_don_hang, ma_nguoi_van_chuyen, dia_chi_giao, ngay_giao_du_kien, trang_thai) VALUES ('VC202500006', 'DH202500060', 1005, '118 Lý Thường Kiệt, Quận 1, Nha Trang', TO_DATE('2025-07-12','YYYY-MM-DD'), 'DA_GIAO');
INSERT INTO ThongTinVanChuyen (ma_van_chuyen, ma_don_hang, ma_nguoi_van_chuyen, dia_chi_giao, ngay_giao_du_kien, trang_thai) VALUES ('VC202500007', 'DH202500265', 1009, '128 Điện Biên Phủ, Quận Đống Đa, Huế', TO_DATE('2025-08-19','YYYY-MM-DD'), 'DANG_GIAO');
INSERT INTO ThongTinVanChuyen (ma_van_chuyen, ma_don_hang, ma_nguoi_van_chuyen, dia_chi_giao, ngay_giao_du_kien, trang_thai) VALUES ('VC202500008', 'DH202500176', 1002, '161 Lý Thường Kiệt, Quận Hai Bà Trưng, Bắc Ninh', TO_DATE('2025-02-22','YYYY-MM-DD'), 'HUY');
INSERT INTO ThongTinVanChuyen (ma_van_chuyen, ma_don_hang, ma_nguoi_van_chuyen, dia_chi_giao, ngay_giao_du_kien, trang_thai) VALUES ('VC202500009', 'DH202500138', 1003, '256 Lê Duẩn, Quận Hai Bà Trưng, Hải Phòng', TO_DATE('2025-03-28','YYYY-MM-DD'), 'DA_GIAO');
INSERT INTO ThongTinVanChuyen (ma_van_chuyen, ma_don_hang, ma_nguoi_van_chuyen, dia_chi_giao, ngay_giao_du_kien, trang_thai) VALUES ('VC202500010', 'DH202500124', 1014, '104 Lê Lợi, Quận Tân Bình, Nha Trang', TO_DATE('2025-04-09','YYYY-MM-DD'), 'DA_GIAO');
INSERT INTO ThongTinVanChuyen (ma_van_chuyen, ma_don_hang, ma_nguoi_van_chuyen, dia_chi_giao, ngay_giao_du_kien, trang_thai) VALUES ('VC202500011', 'DH202500080', 1013, '41 Ngô Quyền, Quận Liên Chiểu, Vinh', TO_DATE('2025-06-14','YYYY-MM-DD'), 'DA_GIAO');
INSERT INTO ThongTinVanChuyen (ma_van_chuyen, ma_don_hang, ma_nguoi_van_chuyen, dia_chi_giao, ngay_giao_du_kien, trang_thai) VALUES ('VC202500012', 'DH202500004', 1013, '191 Phố Huế, Quận Cầu Giấy, Vinh', TO_DATE('2025-12-09','YYYY-MM-DD'), 'HUY');
INSERT INTO ThongTinVanChuyen (ma_van_chuyen, ma_don_hang, ma_nguoi_van_chuyen, dia_chi_giao, ngay_giao_du_kien, trang_thai) VALUES ('VC202500013', 'DH202500295', 1014, '204 Lê Lợi, Quận Tân Bình, Đà Nẵng', TO_DATE('2025-05-12','YYYY-MM-DD'), 'DANG_GIAO');
INSERT INTO ThongTinVanChuyen (ma_van_chuyen, ma_don_hang, ma_nguoi_van_chuyen, dia_chi_giao, ngay_giao_du_kien, trang_thai) VALUES ('VC202500014', 'DH202500028', 1009, '258 Lý Thường Kiệt, Quận 1, Thái Nguyên', TO_DATE('2025-11-01','YYYY-MM-DD'), 'CHO_GIAO');
INSERT INTO ThongTinVanChuyen (ma_van_chuyen, ma_don_hang, ma_nguoi_van_chuyen, dia_chi_giao, ngay_giao_du_kien, trang_thai) VALUES ('VC202500015', 'DH202500090', 1008, '162 Lê Duẩn, Quận Hoàn Kiếm, Hà Nội', TO_DATE('2025-04-06','YYYY-MM-DD'), 'HUY');
INSERT INTO ThongTinVanChuyen (ma_van_chuyen, ma_don_hang, ma_nguoi_van_chuyen, dia_chi_giao, ngay_giao_du_kien, trang_thai) VALUES ('VC202500016', 'DH202500108', 1007, '186 Phố Huế, Quận Thanh Xuân, Đà Nẵng', TO_DATE('2025-09-05','YYYY-MM-DD'), 'DA_GIAO');
INSERT INTO ThongTinVanChuyen (ma_van_chuyen, ma_don_hang, ma_nguoi_van_chuyen, dia_chi_giao, ngay_giao_du_kien, trang_thai) VALUES ('VC202500017', 'DH202500281', 1005, '176 Lý Thường Kiệt, Quận Ba Đình, Vinh', TO_DATE('2025-12-04','YYYY-MM-DD'), 'DA_GIAO');
INSERT INTO ThongTinVanChuyen (ma_van_chuyen, ma_don_hang, ma_nguoi_van_chuyen, dia_chi_giao, ngay_giao_du_kien, trang_thai) VALUES ('VC202500018', 'DH202500218', 1004, '187 Hai Bà Trưng, Quận Thanh Xuân, Vinh', TO_DATE('2025-12-04','YYYY-MM-DD'), 'DANG_GIAO');
INSERT INTO ThongTinVanChuyen (ma_van_chuyen, ma_don_hang, ma_nguoi_van_chuyen, dia_chi_giao, ngay_giao_du_kien, trang_thai) VALUES ('VC202500019', 'DH202500093', 1010, '52 Lê Duẩn, Quận Thanh Xuân, Hải Phòng', TO_DATE('2025-02-01','YYYY-MM-DD'), 'DA_GIAO');
INSERT INTO ThongTinVanChuyen (ma_van_chuyen, ma_don_hang, ma_nguoi_van_chuyen, dia_chi_giao, ngay_giao_du_kien, trang_thai) VALUES ('VC202500020', 'DH202500285', 1007, '77 Bà Triệu, Quận Hoàn Kiếm, Đà Nẵng', TO_DATE('2025-11-04','YYYY-MM-DD'), 'DA_GIAO');
INSERT INTO ThongTinVanChuyen (ma_van_chuyen, ma_don_hang, ma_nguoi_van_chuyen, dia_chi_giao, ngay_giao_du_kien, trang_thai) VALUES ('VC202500021', 'DH202500216', 1008, '250 Điện Biên Phủ, Quận Thanh Xuân, Buôn Ma Thuột', TO_DATE('2025-11-03','YYYY-MM-DD'), 'DANG_GIAO');
INSERT INTO ThongTinVanChuyen (ma_van_chuyen, ma_don_hang, ma_nguoi_van_chuyen, dia_chi_giao, ngay_giao_du_kien, trang_thai) VALUES ('VC202500022', 'DH202500291', 1001, '84 Nguyễn Văn Cừ, Quận Hai Bà Trưng, Cần Thơ', TO_DATE('2025-06-04','YYYY-MM-DD'), 'DA_GIAO');
INSERT INTO ThongTinVanChuyen (ma_van_chuyen, ma_don_hang, ma_nguoi_van_chuyen, dia_chi_giao, ngay_giao_du_kien, trang_thai) VALUES ('VC202500023', 'DH202500244', 1014, '172 Điện Biên Phủ, Quận Cầu Giấy, Nha Trang', TO_DATE('2025-07-29','YYYY-MM-DD'), 'DA_GIAO');
INSERT INTO ThongTinVanChuyen (ma_van_chuyen, ma_don_hang, ma_nguoi_van_chuyen, dia_chi_giao, ngay_giao_du_kien, trang_thai) VALUES ('VC202500024', 'DH202500287', 1009, '211 Trần Hưng Đạo, Quận Cầu Giấy, Thái Nguyên', TO_DATE('2025-04-20','YYYY-MM-DD'), 'DA_GIAO');
INSERT INTO ThongTinVanChuyen (ma_van_chuyen, ma_don_hang, ma_nguoi_van_chuyen, dia_chi_giao, ngay_giao_du_kien, trang_thai) VALUES ('VC202500025', 'DH202500102', 1010, '146 Lý Thường Kiệt, Quận Cầu Giấy, Thái Nguyên', TO_DATE('2025-05-01','YYYY-MM-DD'), 'DA_GIAO');
INSERT INTO ThongTinVanChuyen (ma_van_chuyen, ma_don_hang, ma_nguoi_van_chuyen, dia_chi_giao, ngay_giao_du_kien, trang_thai) VALUES ('VC202500026', 'DH202500262', 1008, '147 Bà Triệu, Quận Liên Chiểu, Đà Nẵng', TO_DATE('2025-12-29','YYYY-MM-DD'), 'HUY');
INSERT INTO ThongTinVanChuyen (ma_van_chuyen, ma_don_hang, ma_nguoi_van_chuyen, dia_chi_giao, ngay_giao_du_kien, trang_thai) VALUES ('VC202500027', 'DH202500086', 1011, '37 Trần Hưng Đạo, Quận Ba Đình, Nha Trang', TO_DATE('2025-09-16','YYYY-MM-DD'), 'HUY');
INSERT INTO ThongTinVanChuyen (ma_van_chuyen, ma_don_hang, ma_nguoi_van_chuyen, dia_chi_giao, ngay_giao_du_kien, trang_thai) VALUES ('VC202500028', 'DH202500117', 1006, '203 Điện Biên Phủ, Quận 3, Nha Trang', TO_DATE('2025-03-25','YYYY-MM-DD'), 'DANG_GIAO');
INSERT INTO ThongTinVanChuyen (ma_van_chuyen, ma_don_hang, ma_nguoi_van_chuyen, dia_chi_giao, ngay_giao_du_kien, trang_thai) VALUES ('VC202500029', 'DH202500267', 1008, '12 Phan Đình Phùng, Quận Sơn Trà, Hải Phòng', TO_DATE('2025-03-17','YYYY-MM-DD'), 'DA_GIAO');
INSERT INTO ThongTinVanChuyen (ma_van_chuyen, ma_don_hang, ma_nguoi_van_chuyen, dia_chi_giao, ngay_giao_du_kien, trang_thai) VALUES ('VC202500030', 'DH202500129', 1012, '204 Trần Hưng Đạo, Quận Đống Đa, TP. Hồ Chí Minh', TO_DATE('2025-04-23','YYYY-MM-DD'), 'DA_GIAO');
INSERT INTO ThongTinVanChuyen (ma_van_chuyen, ma_don_hang, ma_nguoi_van_chuyen, dia_chi_giao, ngay_giao_du_kien, trang_thai) VALUES ('VC202500031', 'DH202500243', 1009, '204 Nguyễn Thị Minh Khai, Quận Đống Đa, TP. Hồ Chí Minh', TO_DATE('2025-08-19','YYYY-MM-DD'), 'DA_GIAO');
INSERT INTO ThongTinVanChuyen (ma_van_chuyen, ma_don_hang, ma_nguoi_van_chuyen, dia_chi_giao, ngay_giao_du_kien, trang_thai) VALUES ('VC202500032', 'DH202500135', 1010, '200 Điện Biên Phủ, Quận Hai Bà Trưng, Hải Phòng', TO_DATE('2025-05-29','YYYY-MM-DD'), 'DA_GIAO');
INSERT INTO ThongTinVanChuyen (ma_van_chuyen, ma_don_hang, ma_nguoi_van_chuyen, dia_chi_giao, ngay_giao_du_kien, trang_thai) VALUES ('VC202500033', 'DH202500146', 1008, '270 Phan Đình Phùng, Quận Hoàn Kiếm, Hà Nội', TO_DATE('2025-07-23','YYYY-MM-DD'), 'DA_GIAO');
INSERT INTO ThongTinVanChuyen (ma_van_chuyen, ma_don_hang, ma_nguoi_van_chuyen, dia_chi_giao, ngay_giao_du_kien, trang_thai) VALUES ('VC202500034', 'DH202500183', 1014, '277 Điện Biên Phủ, Quận 7, Vinh', TO_DATE('2025-10-19','YYYY-MM-DD'), 'HUY');
INSERT INTO ThongTinVanChuyen (ma_van_chuyen, ma_don_hang, ma_nguoi_van_chuyen, dia_chi_giao, ngay_giao_du_kien, trang_thai) VALUES ('VC202500035', 'DH202500070', 1012, '234 Ngô Quyền, Quận Sơn Trà, Thái Nguyên', TO_DATE('2025-03-29','YYYY-MM-DD'), 'DA_GIAO');
INSERT INTO ThongTinVanChuyen (ma_van_chuyen, ma_don_hang, ma_nguoi_van_chuyen, dia_chi_giao, ngay_giao_du_kien, trang_thai) VALUES ('VC202500036', 'DH202500289', 1007, '178 Bà Triệu, Quận 7, Hải Phòng', TO_DATE('2025-06-01','YYYY-MM-DD'), 'DANG_GIAO');
INSERT INTO ThongTinVanChuyen (ma_van_chuyen, ma_don_hang, ma_nguoi_van_chuyen, dia_chi_giao, ngay_giao_du_kien, trang_thai) VALUES ('VC202500037', 'DH202500046', 1008, '80 Điện Biên Phủ, Quận Hoàn Kiếm, Hà Nội', TO_DATE('2025-08-19','YYYY-MM-DD'), 'DANG_GIAO');
INSERT INTO ThongTinVanChuyen (ma_van_chuyen, ma_don_hang, ma_nguoi_van_chuyen, dia_chi_giao, ngay_giao_du_kien, trang_thai) VALUES ('VC202500038', 'DH202500268', 1014, '241 Nguyễn Thị Minh Khai, Quận Hoàn Kiếm, Vinh', TO_DATE('2025-10-17','YYYY-MM-DD'), 'DA_GIAO');
INSERT INTO ThongTinVanChuyen (ma_van_chuyen, ma_don_hang, ma_nguoi_van_chuyen, dia_chi_giao, ngay_giao_du_kien, trang_thai) VALUES ('VC202500039', 'DH202500245', 1005, '119 Nguyễn Văn Cừ, Quận 7, Nha Trang', TO_DATE('2025-04-16','YYYY-MM-DD'), 'DANG_GIAO');
INSERT INTO ThongTinVanChuyen (ma_van_chuyen, ma_don_hang, ma_nguoi_van_chuyen, dia_chi_giao, ngay_giao_du_kien, trang_thai) VALUES ('VC202500040', 'DH202500097', 1007, '84 Lê Duẩn, Quận Sơn Trà, Thái Nguyên', TO_DATE('2025-12-06','YYYY-MM-DD'), 'DA_GIAO');
INSERT INTO ThongTinVanChuyen (ma_van_chuyen, ma_don_hang, ma_nguoi_van_chuyen, dia_chi_giao, ngay_giao_du_kien, trang_thai) VALUES ('VC202500041', 'DH202500200', 1014, '41 Hai Bà Trưng, Quận Liên Chiểu, Hải Phòng', TO_DATE('2025-12-28','YYYY-MM-DD'), 'DA_GIAO');
INSERT INTO ThongTinVanChuyen (ma_van_chuyen, ma_don_hang, ma_nguoi_van_chuyen, dia_chi_giao, ngay_giao_du_kien, trang_thai) VALUES ('VC202500042', 'DH202500265', 1013, '146 Ngô Quyền, Quận Sơn Trà, Buôn Ma Thuột', TO_DATE('2025-08-28','YYYY-MM-DD'), 'DANG_GIAO');
INSERT INTO ThongTinVanChuyen (ma_van_chuyen, ma_don_hang, ma_nguoi_van_chuyen, dia_chi_giao, ngay_giao_du_kien, trang_thai) VALUES ('VC202500043', 'DH202500138', 1007, '70 Điện Biên Phủ, Quận Đống Đa, Thái Nguyên', TO_DATE('2025-03-21','YYYY-MM-DD'), 'DA_GIAO');
INSERT INTO ThongTinVanChuyen (ma_van_chuyen, ma_don_hang, ma_nguoi_van_chuyen, dia_chi_giao, ngay_giao_du_kien, trang_thai) VALUES ('VC202500044', 'DH202500234', 1010, '252 Lê Lợi, Quận Cầu Giấy, Hà Nội', TO_DATE('2025-02-11','YYYY-MM-DD'), 'DA_GIAO');
INSERT INTO ThongTinVanChuyen (ma_van_chuyen, ma_don_hang, ma_nguoi_van_chuyen, dia_chi_giao, ngay_giao_du_kien, trang_thai) VALUES ('VC202500045', 'DH202500078', 1001, '53 Điện Biên Phủ, Quận Thanh Xuân, Đà Nẵng', TO_DATE('2025-02-06','YYYY-MM-DD'), 'DA_GIAO');
INSERT INTO ThongTinVanChuyen (ma_van_chuyen, ma_don_hang, ma_nguoi_van_chuyen, dia_chi_giao, ngay_giao_du_kien, trang_thai) VALUES ('VC202500046', 'DH202500225', 1012, '78 Nguyễn Văn Cừ, Quận 3, Hải Phòng', TO_DATE('2025-08-26','YYYY-MM-DD'), 'DA_GIAO');
INSERT INTO ThongTinVanChuyen (ma_van_chuyen, ma_don_hang, ma_nguoi_van_chuyen, dia_chi_giao, ngay_giao_du_kien, trang_thai) VALUES ('VC202500047', 'DH202500176', 1007, '191 Bà Triệu, Quận Sơn Trà, Hà Nội', TO_DATE('2025-02-18','YYYY-MM-DD'), 'HUY');
INSERT INTO ThongTinVanChuyen (ma_van_chuyen, ma_don_hang, ma_nguoi_van_chuyen, dia_chi_giao, ngay_giao_du_kien, trang_thai) VALUES ('VC202500048', 'DH202500170', 1002, '201 Trần Hưng Đạo, Quận 7, Vinh', TO_DATE('2025-02-09','YYYY-MM-DD'), 'DA_GIAO');
INSERT INTO ThongTinVanChuyen (ma_van_chuyen, ma_don_hang, ma_nguoi_van_chuyen, dia_chi_giao, ngay_giao_du_kien, trang_thai) VALUES ('VC202500049', 'DH202500093', 1004, '63 Lê Duẩn, Quận Hai Bà Trưng, Huế', TO_DATE('2025-02-03','YYYY-MM-DD'), 'CHO_GIAO');
INSERT INTO ThongTinVanChuyen (ma_van_chuyen, ma_don_hang, ma_nguoi_van_chuyen, dia_chi_giao, ngay_giao_du_kien, trang_thai) VALUES ('VC202500050', 'DH202500227', 1004, '49 Nguyễn Thị Minh Khai, Quận Liên Chiểu, Hải Phòng', TO_DATE('2025-09-05','YYYY-MM-DD'), 'DA_GIAO');
INSERT INTO ThongTinVanChuyen (ma_van_chuyen, ma_don_hang, ma_nguoi_van_chuyen, dia_chi_giao, ngay_giao_du_kien, trang_thai) VALUES ('VC202500051', 'DH202500243', 1007, '82 Ngô Quyền, Quận Sơn Trà, Hà Nội', TO_DATE('2025-08-29','YYYY-MM-DD'), 'DANG_GIAO');
INSERT INTO ThongTinVanChuyen (ma_van_chuyen, ma_don_hang, ma_nguoi_van_chuyen, dia_chi_giao, ngay_giao_du_kien, trang_thai) VALUES ('VC202500052', 'DH202500282', 1009, '153 Lê Lợi, Quận Cầu Giấy, Hà Nội', TO_DATE('2025-01-18','YYYY-MM-DD'), 'DA_GIAO');
INSERT INTO ThongTinVanChuyen (ma_van_chuyen, ma_don_hang, ma_nguoi_van_chuyen, dia_chi_giao, ngay_giao_du_kien, trang_thai) VALUES ('VC202500053', 'DH202500112', 1002, '8 Phan Đình Phùng, Quận Thanh Xuân, Bắc Ninh', TO_DATE('2025-04-18','YYYY-MM-DD'), 'DANG_GIAO');
INSERT INTO ThongTinVanChuyen (ma_van_chuyen, ma_don_hang, ma_nguoi_van_chuyen, dia_chi_giao, ngay_giao_du_kien, trang_thai) VALUES ('VC202500054', 'DH202500062', 1007, '22 Phố Huế, Quận Sơn Trà, Vinh', TO_DATE('2025-12-19','YYYY-MM-DD'), 'DA_GIAO');
INSERT INTO ThongTinVanChuyen (ma_van_chuyen, ma_don_hang, ma_nguoi_van_chuyen, dia_chi_giao, ngay_giao_du_kien, trang_thai) VALUES ('VC202500055', 'DH202500080', 1006, '256 Trần Hưng Đạo, Quận Liên Chiểu, Bắc Ninh', TO_DATE('2025-06-14','YYYY-MM-DD'), 'DA_GIAO');
INSERT INTO ThongTinVanChuyen (ma_van_chuyen, ma_don_hang, ma_nguoi_van_chuyen, dia_chi_giao, ngay_giao_du_kien, trang_thai) VALUES ('VC202500056', 'DH202500174', 1015, '183 Ngô Quyền, Quận Ba Đình, Buôn Ma Thuột', TO_DATE('2025-06-17','YYYY-MM-DD'), 'DA_GIAO');
INSERT INTO ThongTinVanChuyen (ma_van_chuyen, ma_don_hang, ma_nguoi_van_chuyen, dia_chi_giao, ngay_giao_du_kien, trang_thai) VALUES ('VC202500057', 'DH202500055', 1003, '286 Ngô Quyền, Quận Cầu Giấy, Vinh', TO_DATE('2025-01-31','YYYY-MM-DD'), 'DA_GIAO');
INSERT INTO ThongTinVanChuyen (ma_van_chuyen, ma_don_hang, ma_nguoi_van_chuyen, dia_chi_giao, ngay_giao_du_kien, trang_thai) VALUES ('VC202500058', 'DH202500099', 1001, '129 Nguyễn Văn Cừ, Quận 3, Vinh', TO_DATE('2025-04-14','YYYY-MM-DD'), 'DA_GIAO');
INSERT INTO ThongTinVanChuyen (ma_van_chuyen, ma_don_hang, ma_nguoi_van_chuyen, dia_chi_giao, ngay_giao_du_kien, trang_thai) VALUES ('VC202500059', 'DH202500287', 1005, '291 Phan Đình Phùng, Quận 7, Nha Trang', TO_DATE('2025-04-24','YYYY-MM-DD'), 'DA_GIAO');
INSERT INTO ThongTinVanChuyen (ma_van_chuyen, ma_don_hang, ma_nguoi_van_chuyen, dia_chi_giao, ngay_giao_du_kien, trang_thai) VALUES ('VC202500060', 'DH202500166', 1012, '284 Phan Đình Phùng, Quận Đống Đa, Buôn Ma Thuột', TO_DATE('2025-07-09','YYYY-MM-DD'), 'DA_GIAO');
INSERT INTO ThongTinVanChuyen (ma_van_chuyen, ma_don_hang, ma_nguoi_van_chuyen, dia_chi_giao, ngay_giao_du_kien, trang_thai) VALUES ('VC202500061', 'DH202500080', 1008, '233 Nguyễn Văn Cừ, Quận Liên Chiểu, Buôn Ma Thuột', TO_DATE('2025-06-17','YYYY-MM-DD'), 'DANG_GIAO');
INSERT INTO ThongTinVanChuyen (ma_van_chuyen, ma_don_hang, ma_nguoi_van_chuyen, dia_chi_giao, ngay_giao_du_kien, trang_thai) VALUES ('VC202500062', 'DH202500195', 1012, '123 Lý Thường Kiệt, Quận Sơn Trà, TP. Hồ Chí Minh', TO_DATE('2025-06-20','YYYY-MM-DD'), 'DANG_GIAO');
INSERT INTO ThongTinVanChuyen (ma_van_chuyen, ma_don_hang, ma_nguoi_van_chuyen, dia_chi_giao, ngay_giao_du_kien, trang_thai) VALUES ('VC202500063', 'DH202500276', 1014, '255 Nguyễn Thị Minh Khai, Quận Ba Đình, Bắc Ninh', TO_DATE('2025-10-15','YYYY-MM-DD'), 'DA_GIAO');
INSERT INTO ThongTinVanChuyen (ma_van_chuyen, ma_don_hang, ma_nguoi_van_chuyen, dia_chi_giao, ngay_giao_du_kien, trang_thai) VALUES ('VC202500064', 'DH202500145', 1006, '50 Nguyễn Thị Minh Khai, Quận Liên Chiểu, TP. Hồ Chí Minh', TO_DATE('2025-02-23','YYYY-MM-DD'), 'CHO_GIAO');
INSERT INTO ThongTinVanChuyen (ma_van_chuyen, ma_don_hang, ma_nguoi_van_chuyen, dia_chi_giao, ngay_giao_du_kien, trang_thai) VALUES ('VC202500065', 'DH202500023', 1014, '17 Lê Lợi, Quận Đống Đa, Vinh', TO_DATE('2025-07-27','YYYY-MM-DD'), 'DA_GIAO');
INSERT INTO ThongTinVanChuyen (ma_van_chuyen, ma_don_hang, ma_nguoi_van_chuyen, dia_chi_giao, ngay_giao_du_kien, trang_thai) VALUES ('VC202500066', 'DH202500099', 1002, '251 Nguyễn Thị Minh Khai, Quận Tân Bình, Bắc Ninh', TO_DATE('2025-04-08','YYYY-MM-DD'), 'HUY');
INSERT INTO ThongTinVanChuyen (ma_van_chuyen, ma_don_hang, ma_nguoi_van_chuyen, dia_chi_giao, ngay_giao_du_kien, trang_thai) VALUES ('VC202500067', 'DH202500132', 1001, '37 Nguyễn Văn Cừ, Quận Hai Bà Trưng, Thái Nguyên', TO_DATE('2025-01-09','YYYY-MM-DD'), 'DA_GIAO');
INSERT INTO ThongTinVanChuyen (ma_van_chuyen, ma_don_hang, ma_nguoi_van_chuyen, dia_chi_giao, ngay_giao_du_kien, trang_thai) VALUES ('VC202500068', 'DH202500252', 1015, '185 Nguyễn Thị Minh Khai, Quận Sơn Trà, Huế', TO_DATE('2025-06-29','YYYY-MM-DD'), 'CHO_GIAO');
INSERT INTO ThongTinVanChuyen (ma_van_chuyen, ma_don_hang, ma_nguoi_van_chuyen, dia_chi_giao, ngay_giao_du_kien, trang_thai) VALUES ('VC202500069', 'DH202500189', 1013, '271 Nguyễn Văn Cừ, Quận Sơn Trà, TP. Hồ Chí Minh', TO_DATE('2025-06-03','YYYY-MM-DD'), 'DANG_GIAO');
INSERT INTO ThongTinVanChuyen (ma_van_chuyen, ma_don_hang, ma_nguoi_van_chuyen, dia_chi_giao, ngay_giao_du_kien, trang_thai) VALUES ('VC202500070', 'DH202500156', 1002, '52 Lê Duẩn, Quận Hai Bà Trưng, Buôn Ma Thuột', TO_DATE('2025-10-31','YYYY-MM-DD'), 'CHO_GIAO');
INSERT INTO ThongTinVanChuyen (ma_van_chuyen, ma_don_hang, ma_nguoi_van_chuyen, dia_chi_giao, ngay_giao_du_kien, trang_thai) VALUES ('VC202500071', 'DH202500198', 1004, '292 Ngô Quyền, Quận Ba Đình, Buôn Ma Thuột', TO_DATE('2025-09-06','YYYY-MM-DD'), 'DA_GIAO');
INSERT INTO ThongTinVanChuyen (ma_van_chuyen, ma_don_hang, ma_nguoi_van_chuyen, dia_chi_giao, ngay_giao_du_kien, trang_thai) VALUES ('VC202500072', 'DH202500286', 1007, '235 Lê Duẩn, Quận Liên Chiểu, Huế', TO_DATE('2025-03-27','YYYY-MM-DD'), 'DANG_GIAO');
INSERT INTO ThongTinVanChuyen (ma_van_chuyen, ma_don_hang, ma_nguoi_van_chuyen, dia_chi_giao, ngay_giao_du_kien, trang_thai) VALUES ('VC202500073', 'DH202500054', 1003, '81 Nguyễn Thị Minh Khai, Quận Tân Bình, Vinh', TO_DATE('2025-04-24','YYYY-MM-DD'), 'DANG_GIAO');
INSERT INTO ThongTinVanChuyen (ma_van_chuyen, ma_don_hang, ma_nguoi_van_chuyen, dia_chi_giao, ngay_giao_du_kien, trang_thai) VALUES ('VC202500074', 'DH202500181', 1015, '191 Hai Bà Trưng, Quận Liên Chiểu, Huế', TO_DATE('2025-07-22','YYYY-MM-DD'), 'DANG_GIAO');
INSERT INTO ThongTinVanChuyen (ma_van_chuyen, ma_don_hang, ma_nguoi_van_chuyen, dia_chi_giao, ngay_giao_du_kien, trang_thai) VALUES ('VC202500075', 'DH202500166', 1010, '193 Nguyễn Thị Minh Khai, Quận Sơn Trà, Cần Thơ', TO_DATE('2025-07-05','YYYY-MM-DD'), 'DA_GIAO');
INSERT INTO ThongTinVanChuyen (ma_van_chuyen, ma_don_hang, ma_nguoi_van_chuyen, dia_chi_giao, ngay_giao_du_kien, trang_thai) VALUES ('VC202500076', 'DH202500185', 1008, '18 Điện Biên Phủ, Quận Tân Bình, Hà Nội', TO_DATE('2025-04-04','YYYY-MM-DD'), 'CHO_GIAO');
INSERT INTO ThongTinVanChuyen (ma_van_chuyen, ma_don_hang, ma_nguoi_van_chuyen, dia_chi_giao, ngay_giao_du_kien, trang_thai) VALUES ('VC202500077', 'DH202500266', 1003, '114 Lê Lợi, Quận Cầu Giấy, Hà Nội', TO_DATE('2025-07-07','YYYY-MM-DD'), 'DA_GIAO');
INSERT INTO ThongTinVanChuyen (ma_van_chuyen, ma_don_hang, ma_nguoi_van_chuyen, dia_chi_giao, ngay_giao_du_kien, trang_thai) VALUES ('VC202500078', 'DH202500142', 1015, '49 Nguyễn Văn Cừ, Quận 3, Nha Trang', TO_DATE('2025-09-01','YYYY-MM-DD'), 'DA_GIAO');
INSERT INTO ThongTinVanChuyen (ma_van_chuyen, ma_don_hang, ma_nguoi_van_chuyen, dia_chi_giao, ngay_giao_du_kien, trang_thai) VALUES ('VC202500079', 'DH202500080', 1003, '120 Điện Biên Phủ, Quận Thanh Xuân, TP. Hồ Chí Minh', TO_DATE('2025-06-17','YYYY-MM-DD'), 'DA_GIAO');
INSERT INTO ThongTinVanChuyen (ma_van_chuyen, ma_don_hang, ma_nguoi_van_chuyen, dia_chi_giao, ngay_giao_du_kien, trang_thai) VALUES ('VC202500080', 'DH202500293', 1007, '167 Bà Triệu, Quận Ba Đình, Vinh', TO_DATE('2025-08-08','YYYY-MM-DD'), 'CHO_GIAO');
INSERT INTO ThongTinVanChuyen (ma_van_chuyen, ma_don_hang, ma_nguoi_van_chuyen, dia_chi_giao, ngay_giao_du_kien, trang_thai) VALUES ('VC202500081', 'DH202500296', 1014, '20 Lê Duẩn, Quận Tân Bình, Huế', TO_DATE('2025-05-08','YYYY-MM-DD'), 'DANG_GIAO');
INSERT INTO ThongTinVanChuyen (ma_van_chuyen, ma_don_hang, ma_nguoi_van_chuyen, dia_chi_giao, ngay_giao_du_kien, trang_thai) VALUES ('VC202500082', 'DH202500041', 1013, '179 Hai Bà Trưng, Quận 1, TP. Hồ Chí Minh', TO_DATE('2025-12-27','YYYY-MM-DD'), 'DANG_GIAO');
INSERT INTO ThongTinVanChuyen (ma_van_chuyen, ma_don_hang, ma_nguoi_van_chuyen, dia_chi_giao, ngay_giao_du_kien, trang_thai) VALUES ('VC202500083', 'DH202500117', 1012, '196 Nguyễn Văn Cừ, Quận Thanh Xuân, Buôn Ma Thuột', TO_DATE('2025-03-30','YYYY-MM-DD'), 'CHO_GIAO');
INSERT INTO ThongTinVanChuyen (ma_van_chuyen, ma_don_hang, ma_nguoi_van_chuyen, dia_chi_giao, ngay_giao_du_kien, trang_thai) VALUES ('VC202500084', 'DH202500022', 1006, '258 Lê Duẩn, Quận Hai Bà Trưng, Đà Nẵng', TO_DATE('2025-09-29','YYYY-MM-DD'), 'DANG_GIAO');
INSERT INTO ThongTinVanChuyen (ma_van_chuyen, ma_don_hang, ma_nguoi_van_chuyen, dia_chi_giao, ngay_giao_du_kien, trang_thai) VALUES ('VC202500085', 'DH202500026', 1011, '114 Hai Bà Trưng, Quận Thanh Xuân, Huế', TO_DATE('2025-07-22','YYYY-MM-DD'), 'CHO_GIAO');
INSERT INTO ThongTinVanChuyen (ma_van_chuyen, ma_don_hang, ma_nguoi_van_chuyen, dia_chi_giao, ngay_giao_du_kien, trang_thai) VALUES ('VC202500086', 'DH202500076', 1003, '293 Lê Duẩn, Quận Hoàn Kiếm, Buôn Ma Thuột', TO_DATE('2025-01-28','YYYY-MM-DD'), 'DA_GIAO');
INSERT INTO ThongTinVanChuyen (ma_van_chuyen, ma_don_hang, ma_nguoi_van_chuyen, dia_chi_giao, ngay_giao_du_kien, trang_thai) VALUES ('VC202500087', 'DH202500205', 1005, '67 Phan Đình Phùng, Quận 3, Buôn Ma Thuột', TO_DATE('2025-12-17','YYYY-MM-DD'), 'HUY');
INSERT INTO ThongTinVanChuyen (ma_van_chuyen, ma_don_hang, ma_nguoi_van_chuyen, dia_chi_giao, ngay_giao_du_kien, trang_thai) VALUES ('VC202500088', 'DH202500102', 1008, '288 Phố Huế, Quận Sơn Trà, Buôn Ma Thuột', TO_DATE('2025-04-28','YYYY-MM-DD'), 'DA_GIAO');
INSERT INTO ThongTinVanChuyen (ma_van_chuyen, ma_don_hang, ma_nguoi_van_chuyen, dia_chi_giao, ngay_giao_du_kien, trang_thai) VALUES ('VC202500089', 'DH202500127', 1004, '221 Lý Thường Kiệt, Quận Liên Chiểu, Bắc Ninh', TO_DATE('2025-08-01','YYYY-MM-DD'), 'DA_GIAO');
INSERT INTO ThongTinVanChuyen (ma_van_chuyen, ma_don_hang, ma_nguoi_van_chuyen, dia_chi_giao, ngay_giao_du_kien, trang_thai) VALUES ('VC202500090', 'DH202500046', 1002, '179 Lê Lợi, Quận Cầu Giấy, Nha Trang', TO_DATE('2025-08-25','YYYY-MM-DD'), 'DANG_GIAO');
INSERT INTO ThongTinVanChuyen (ma_van_chuyen, ma_don_hang, ma_nguoi_van_chuyen, dia_chi_giao, ngay_giao_du_kien, trang_thai) VALUES ('VC202500091', 'DH202500013', 1013, '180 Phố Huế, Quận 3, Bắc Ninh', TO_DATE('2025-06-25','YYYY-MM-DD'), 'DA_GIAO');
INSERT INTO ThongTinVanChuyen (ma_van_chuyen, ma_don_hang, ma_nguoi_van_chuyen, dia_chi_giao, ngay_giao_du_kien, trang_thai) VALUES ('VC202500092', 'DH202500075', 1008, '103 Ngô Quyền, Quận Cầu Giấy, Đà Nẵng', TO_DATE('2025-11-03','YYYY-MM-DD'), 'DA_GIAO');
INSERT INTO ThongTinVanChuyen (ma_van_chuyen, ma_don_hang, ma_nguoi_van_chuyen, dia_chi_giao, ngay_giao_du_kien, trang_thai) VALUES ('VC202500093', 'DH202500044', 1002, '76 Điện Biên Phủ, Quận Hoàn Kiếm, Nha Trang', TO_DATE('2025-10-21','YYYY-MM-DD'), 'DA_GIAO');
INSERT INTO ThongTinVanChuyen (ma_van_chuyen, ma_don_hang, ma_nguoi_van_chuyen, dia_chi_giao, ngay_giao_du_kien, trang_thai) VALUES ('VC202500094', 'DH202500057', 1005, '108 Lê Duẩn, Quận 7, Hải Phòng', TO_DATE('2025-02-07','YYYY-MM-DD'), 'DANG_GIAO');
INSERT INTO ThongTinVanChuyen (ma_van_chuyen, ma_don_hang, ma_nguoi_van_chuyen, dia_chi_giao, ngay_giao_du_kien, trang_thai) VALUES ('VC202500095', 'DH202500105', 1009, '73 Lê Duẩn, Quận Sơn Trà, Thái Nguyên', TO_DATE('2025-09-11','YYYY-MM-DD'), 'HUY');
INSERT INTO ThongTinVanChuyen (ma_van_chuyen, ma_don_hang, ma_nguoi_van_chuyen, dia_chi_giao, ngay_giao_du_kien, trang_thai) VALUES ('VC202500096', 'DH202500010', 1007, '131 Phan Đình Phùng, Quận Hoàn Kiếm, Cần Thơ', TO_DATE('2025-08-01','YYYY-MM-DD'), 'CHO_GIAO');
INSERT INTO ThongTinVanChuyen (ma_van_chuyen, ma_don_hang, ma_nguoi_van_chuyen, dia_chi_giao, ngay_giao_du_kien, trang_thai) VALUES ('VC202500097', 'DH202500103', 1013, '239 Ngô Quyền, Quận Hoàn Kiếm, TP. Hồ Chí Minh', TO_DATE('2025-06-29','YYYY-MM-DD'), 'DA_GIAO');
INSERT INTO ThongTinVanChuyen (ma_van_chuyen, ma_don_hang, ma_nguoi_van_chuyen, dia_chi_giao, ngay_giao_du_kien, trang_thai) VALUES ('VC202500098', 'DH202500199', 1011, '56 Nguyễn Văn Cừ, Quận Thanh Xuân, Thái Nguyên', TO_DATE('2025-07-27','YYYY-MM-DD'), 'DANG_GIAO');
INSERT INTO ThongTinVanChuyen (ma_van_chuyen, ma_don_hang, ma_nguoi_van_chuyen, dia_chi_giao, ngay_giao_du_kien, trang_thai) VALUES ('VC202500099', 'DH202500198', 1004, '162 Bà Triệu, Quận Tân Bình, Buôn Ma Thuột', TO_DATE('2025-09-09','YYYY-MM-DD'), 'CHO_GIAO');
INSERT INTO ThongTinVanChuyen (ma_van_chuyen, ma_don_hang, ma_nguoi_van_chuyen, dia_chi_giao, ngay_giao_du_kien, trang_thai) VALUES ('VC202500100', 'DH202500046', 1003, '288 Lê Duẩn, Quận Hoàn Kiếm, Hà Nội', TO_DATE('2025-08-18','YYYY-MM-DD'), 'HUY');
INSERT INTO ThongTinVanChuyen (ma_van_chuyen, ma_don_hang, ma_nguoi_van_chuyen, dia_chi_giao, ngay_giao_du_kien, trang_thai) VALUES ('VC202500101', 'DH202500127', 1015, '251 Hai Bà Trưng, Quận Sơn Trà, Đà Nẵng', TO_DATE('2025-08-08','YYYY-MM-DD'), 'DA_GIAO');
INSERT INTO ThongTinVanChuyen (ma_van_chuyen, ma_don_hang, ma_nguoi_van_chuyen, dia_chi_giao, ngay_giao_du_kien, trang_thai) VALUES ('VC202500102', 'DH202500010', 1006, '121 Nguyễn Thị Minh Khai, Quận Thanh Xuân, Hà Nội', TO_DATE('2025-08-02','YYYY-MM-DD'), 'DANG_GIAO');
INSERT INTO ThongTinVanChuyen (ma_van_chuyen, ma_don_hang, ma_nguoi_van_chuyen, dia_chi_giao, ngay_giao_du_kien, trang_thai) VALUES ('VC202500103', 'DH202500132', 1015, '285 Điện Biên Phủ, Quận Hai Bà Trưng, Đà Nẵng', TO_DATE('2025-01-10','YYYY-MM-DD'), 'CHO_GIAO');
INSERT INTO ThongTinVanChuyen (ma_van_chuyen, ma_don_hang, ma_nguoi_van_chuyen, dia_chi_giao, ngay_giao_du_kien, trang_thai) VALUES ('VC202500104', 'DH202500175', 1015, '196 Nguyễn Thị Minh Khai, Quận Liên Chiểu, Bắc Ninh', TO_DATE('2025-05-25','YYYY-MM-DD'), 'CHO_GIAO');
INSERT INTO ThongTinVanChuyen (ma_van_chuyen, ma_don_hang, ma_nguoi_van_chuyen, dia_chi_giao, ngay_giao_du_kien, trang_thai) VALUES ('VC202500105', 'DH202500117', 1007, '160 Phố Huế, Quận Cầu Giấy, Vinh', TO_DATE('2025-03-23','YYYY-MM-DD'), 'HUY');
INSERT INTO ThongTinVanChuyen (ma_van_chuyen, ma_don_hang, ma_nguoi_van_chuyen, dia_chi_giao, ngay_giao_du_kien, trang_thai) VALUES ('VC202500106', 'DH202500278', 1003, '71 Điện Biên Phủ, Quận Sơn Trà, Buôn Ma Thuột', TO_DATE('2025-10-09','YYYY-MM-DD'), 'DA_GIAO');
INSERT INTO ThongTinVanChuyen (ma_van_chuyen, ma_don_hang, ma_nguoi_van_chuyen, dia_chi_giao, ngay_giao_du_kien, trang_thai) VALUES ('VC202500107', 'DH202500070', 1007, '163 Trần Hưng Đạo, Quận 7, Buôn Ma Thuột', TO_DATE('2025-03-23','YYYY-MM-DD'), 'DA_GIAO');
INSERT INTO ThongTinVanChuyen (ma_van_chuyen, ma_don_hang, ma_nguoi_van_chuyen, dia_chi_giao, ngay_giao_du_kien, trang_thai) VALUES ('VC202500108', 'DH202500061', 1003, '16 Lý Thường Kiệt, Quận 1, Huế', TO_DATE('2025-07-18','YYYY-MM-DD'), 'DA_GIAO');
INSERT INTO ThongTinVanChuyen (ma_van_chuyen, ma_don_hang, ma_nguoi_van_chuyen, dia_chi_giao, ngay_giao_du_kien, trang_thai) VALUES ('VC202500109', 'DH202500156', 1008, '78 Lê Lợi, Quận Đống Đa, Đà Nẵng', TO_DATE('2025-11-07','YYYY-MM-DD'), 'DANG_GIAO');
INSERT INTO ThongTinVanChuyen (ma_van_chuyen, ma_don_hang, ma_nguoi_van_chuyen, dia_chi_giao, ngay_giao_du_kien, trang_thai) VALUES ('VC202500110', 'DH202500095', 1001, '119 Lê Lợi, Quận Liên Chiểu, Hà Nội', TO_DATE('2025-03-19','YYYY-MM-DD'), 'DA_GIAO');
INSERT INTO ThongTinVanChuyen (ma_van_chuyen, ma_don_hang, ma_nguoi_van_chuyen, dia_chi_giao, ngay_giao_du_kien, trang_thai) VALUES ('VC202500111', 'DH202500184', 1002, '241 Lê Duẩn, Quận Liên Chiểu, Nha Trang', TO_DATE('2025-10-01','YYYY-MM-DD'), 'DA_GIAO');
INSERT INTO ThongTinVanChuyen (ma_van_chuyen, ma_don_hang, ma_nguoi_van_chuyen, dia_chi_giao, ngay_giao_du_kien, trang_thai) VALUES ('VC202500112', 'DH202500095', 1014, '84 Lê Lợi, Quận Hai Bà Trưng, Hà Nội', TO_DATE('2025-03-16','YYYY-MM-DD'), 'DA_GIAO');
INSERT INTO ThongTinVanChuyen (ma_van_chuyen, ma_don_hang, ma_nguoi_van_chuyen, dia_chi_giao, ngay_giao_du_kien, trang_thai) VALUES ('VC202500113', 'DH202500210', 1013, '114 Lê Duẩn, Quận Liên Chiểu, Hải Phòng', TO_DATE('2025-05-10','YYYY-MM-DD'), 'HUY');
INSERT INTO ThongTinVanChuyen (ma_van_chuyen, ma_don_hang, ma_nguoi_van_chuyen, dia_chi_giao, ngay_giao_du_kien, trang_thai) VALUES ('VC202500114', 'DH202500105', 1002, '251 Lê Duẩn, Quận Cầu Giấy, Vinh', TO_DATE('2025-09-05','YYYY-MM-DD'), 'HUY');
INSERT INTO ThongTinVanChuyen (ma_van_chuyen, ma_don_hang, ma_nguoi_van_chuyen, dia_chi_giao, ngay_giao_du_kien, trang_thai) VALUES ('VC202500115', 'DH202500127', 1007, '161 Hai Bà Trưng, Quận Tân Bình, Bắc Ninh', TO_DATE('2025-08-06','YYYY-MM-DD'), 'HUY');
INSERT INTO ThongTinVanChuyen (ma_van_chuyen, ma_don_hang, ma_nguoi_van_chuyen, dia_chi_giao, ngay_giao_du_kien, trang_thai) VALUES ('VC202500116', 'DH202500275', 1009, '267 Trần Hưng Đạo, Quận 3, Vinh', TO_DATE('2025-09-02','YYYY-MM-DD'), 'CHO_GIAO');
INSERT INTO ThongTinVanChuyen (ma_van_chuyen, ma_don_hang, ma_nguoi_van_chuyen, dia_chi_giao, ngay_giao_du_kien, trang_thai) VALUES ('VC202500117', 'DH202500022', 1015, '21 Nguyễn Thị Minh Khai, Quận 1, Buôn Ma Thuột', TO_DATE('2025-09-24','YYYY-MM-DD'), 'HUY');
INSERT INTO ThongTinVanChuyen (ma_van_chuyen, ma_don_hang, ma_nguoi_van_chuyen, dia_chi_giao, ngay_giao_du_kien, trang_thai) VALUES ('VC202500118', 'DH202500026', 1004, '147 Bà Triệu, Quận Ba Đình, Huế', TO_DATE('2025-07-20','YYYY-MM-DD'), 'DANG_GIAO');
INSERT INTO ThongTinVanChuyen (ma_van_chuyen, ma_don_hang, ma_nguoi_van_chuyen, dia_chi_giao, ngay_giao_du_kien, trang_thai) VALUES ('VC202500119', 'DH202500151', 1010, '238 Ngô Quyền, Quận 3, TP. Hồ Chí Minh', TO_DATE('2025-04-28','YYYY-MM-DD'), 'DA_GIAO');
INSERT INTO ThongTinVanChuyen (ma_van_chuyen, ma_don_hang, ma_nguoi_van_chuyen, dia_chi_giao, ngay_giao_du_kien, trang_thai) VALUES ('VC202500120', 'DH202500257', 1002, '202 Hai Bà Trưng, Quận Cầu Giấy, Vinh', TO_DATE('2025-03-03','YYYY-MM-DD'), 'DA_GIAO');
INSERT INTO ThongTinVanChuyen (ma_van_chuyen, ma_don_hang, ma_nguoi_van_chuyen, dia_chi_giao, ngay_giao_du_kien, trang_thai) VALUES ('VC202500121', 'DH202500013', 1003, '233 Trần Hưng Đạo, Quận Thanh Xuân, Nha Trang', TO_DATE('2025-06-28','YYYY-MM-DD'), 'DA_GIAO');
INSERT INTO ThongTinVanChuyen (ma_van_chuyen, ma_don_hang, ma_nguoi_van_chuyen, dia_chi_giao, ngay_giao_du_kien, trang_thai) VALUES ('VC202500122', 'DH202500084', 1012, '231 Ngô Quyền, Quận Cầu Giấy, TP. Hồ Chí Minh', TO_DATE('2025-02-02','YYYY-MM-DD'), 'DA_GIAO');
INSERT INTO ThongTinVanChuyen (ma_van_chuyen, ma_don_hang, ma_nguoi_van_chuyen, dia_chi_giao, ngay_giao_du_kien, trang_thai) VALUES ('VC202500123', 'DH202500269', 1012, '194 Nguyễn Thị Minh Khai, Quận 1, Hà Nội', TO_DATE('2025-08-04','YYYY-MM-DD'), 'DA_GIAO');
INSERT INTO ThongTinVanChuyen (ma_van_chuyen, ma_don_hang, ma_nguoi_van_chuyen, dia_chi_giao, ngay_giao_du_kien, trang_thai) VALUES ('VC202500124', 'DH202500088', 1015, '84 Phan Đình Phùng, Quận Ba Đình, Hà Nội', TO_DATE('2025-06-18','YYYY-MM-DD'), 'DA_GIAO');
INSERT INTO ThongTinVanChuyen (ma_van_chuyen, ma_don_hang, ma_nguoi_van_chuyen, dia_chi_giao, ngay_giao_du_kien, trang_thai) VALUES ('VC202500125', 'DH202500215', 1005, '148 Ngô Quyền, Quận Ba Đình, TP. Hồ Chí Minh', TO_DATE('2025-01-23','YYYY-MM-DD'), 'HUY');
INSERT INTO ThongTinVanChuyen (ma_van_chuyen, ma_don_hang, ma_nguoi_van_chuyen, dia_chi_giao, ngay_giao_du_kien, trang_thai) VALUES ('VC202500126', 'DH202500068', 1004, '7 Bà Triệu, Quận 3, Vinh', TO_DATE('2025-09-30','YYYY-MM-DD'), 'DANG_GIAO');
INSERT INTO ThongTinVanChuyen (ma_van_chuyen, ma_don_hang, ma_nguoi_van_chuyen, dia_chi_giao, ngay_giao_du_kien, trang_thai) VALUES ('VC202500127', 'DH202500279', 1013, '122 Lê Lợi, Quận Tân Bình, Thái Nguyên', TO_DATE('2025-01-22','YYYY-MM-DD'), 'HUY');
INSERT INTO ThongTinVanChuyen (ma_van_chuyen, ma_don_hang, ma_nguoi_van_chuyen, dia_chi_giao, ngay_giao_du_kien, trang_thai) VALUES ('VC202500128', 'DH202500244', 1008, '126 Nguyễn Thị Minh Khai, Quận Thanh Xuân, Bắc Ninh', TO_DATE('2025-07-25','YYYY-MM-DD'), 'CHO_GIAO');
INSERT INTO ThongTinVanChuyen (ma_van_chuyen, ma_don_hang, ma_nguoi_van_chuyen, dia_chi_giao, ngay_giao_du_kien, trang_thai) VALUES ('VC202500129', 'DH202500286', 1014, '76 Nguyễn Văn Cừ, Quận Liên Chiểu, Nha Trang', TO_DATE('2025-03-29','YYYY-MM-DD'), 'DA_GIAO');
INSERT INTO ThongTinVanChuyen (ma_van_chuyen, ma_don_hang, ma_nguoi_van_chuyen, dia_chi_giao, ngay_giao_du_kien, trang_thai) VALUES ('VC202500130', 'DH202500019', 1003, '170 Trần Hưng Đạo, Quận Hoàn Kiếm, TP. Hồ Chí Minh', TO_DATE('2025-01-08','YYYY-MM-DD'), 'DANG_GIAO');
INSERT INTO ThongTinVanChuyen (ma_van_chuyen, ma_don_hang, ma_nguoi_van_chuyen, dia_chi_giao, ngay_giao_du_kien, trang_thai) VALUES ('VC202500131', 'DH202500214', 1003, '234 Lê Duẩn, Quận Tân Bình, Nha Trang', TO_DATE('2025-12-23','YYYY-MM-DD'), 'DA_GIAO');
INSERT INTO ThongTinVanChuyen (ma_van_chuyen, ma_don_hang, ma_nguoi_van_chuyen, dia_chi_giao, ngay_giao_du_kien, trang_thai) VALUES ('VC202500132', 'DH202500019', 1002, '195 Trần Hưng Đạo, Quận 1, Buôn Ma Thuột', TO_DATE('2025-01-12','YYYY-MM-DD'), 'DA_GIAO');
INSERT INTO ThongTinVanChuyen (ma_van_chuyen, ma_don_hang, ma_nguoi_van_chuyen, dia_chi_giao, ngay_giao_du_kien, trang_thai) VALUES ('VC202500133', 'DH202500034', 1005, '141 Lý Thường Kiệt, Quận 7, Huế', TO_DATE('2025-07-15','YYYY-MM-DD'), 'DA_GIAO');
INSERT INTO ThongTinVanChuyen (ma_van_chuyen, ma_don_hang, ma_nguoi_van_chuyen, dia_chi_giao, ngay_giao_du_kien, trang_thai) VALUES ('VC202500134', 'DH202500269', 1004, '293 Lê Duẩn, Quận Liên Chiểu, Buôn Ma Thuột', TO_DATE('2025-08-01','YYYY-MM-DD'), 'CHO_GIAO');
INSERT INTO ThongTinVanChuyen (ma_van_chuyen, ma_don_hang, ma_nguoi_van_chuyen, dia_chi_giao, ngay_giao_du_kien, trang_thai) VALUES ('VC202500135', 'DH202500045', 1008, '219 Phố Huế, Quận Cầu Giấy, Cần Thơ', TO_DATE('2025-04-04','YYYY-MM-DD'), 'DANG_GIAO');
INSERT INTO ThongTinVanChuyen (ma_van_chuyen, ma_don_hang, ma_nguoi_van_chuyen, dia_chi_giao, ngay_giao_du_kien, trang_thai) VALUES ('VC202500136', 'DH202500270', 1010, '289 Bà Triệu, Quận 7, Thái Nguyên', TO_DATE('2026-01-08','YYYY-MM-DD'), 'DA_GIAO');
INSERT INTO ThongTinVanChuyen (ma_van_chuyen, ma_don_hang, ma_nguoi_van_chuyen, dia_chi_giao, ngay_giao_du_kien, trang_thai) VALUES ('VC202500137', 'DH202500255', 1008, '149 Lê Lợi, Quận Hoàn Kiếm, TP. Hồ Chí Minh', TO_DATE('2025-12-13','YYYY-MM-DD'), 'DA_GIAO');
INSERT INTO ThongTinVanChuyen (ma_van_chuyen, ma_don_hang, ma_nguoi_van_chuyen, dia_chi_giao, ngay_giao_du_kien, trang_thai) VALUES ('VC202500138', 'DH202500013', 1008, '213 Hai Bà Trưng, Quận Hoàn Kiếm, Nha Trang', TO_DATE('2025-07-01','YYYY-MM-DD'), 'DA_GIAO');
INSERT INTO ThongTinVanChuyen (ma_van_chuyen, ma_don_hang, ma_nguoi_van_chuyen, dia_chi_giao, ngay_giao_du_kien, trang_thai) VALUES ('VC202500139', 'DH202500180', 1009, '104 Lê Duẩn, Quận Thanh Xuân, Cần Thơ', TO_DATE('2025-10-21','YYYY-MM-DD'), 'DA_GIAO');
INSERT INTO ThongTinVanChuyen (ma_van_chuyen, ma_don_hang, ma_nguoi_van_chuyen, dia_chi_giao, ngay_giao_du_kien, trang_thai) VALUES ('VC202500140', 'DH202500035', 1005, '4 Trần Hưng Đạo, Quận Liên Chiểu, Nha Trang', TO_DATE('2025-04-27','YYYY-MM-DD'), 'DANG_GIAO');
INSERT INTO ThongTinVanChuyen (ma_van_chuyen, ma_don_hang, ma_nguoi_van_chuyen, dia_chi_giao, ngay_giao_du_kien, trang_thai) VALUES ('VC202500141', 'DH202500175', 1007, '90 Lê Lợi, Quận Cầu Giấy, Nha Trang', TO_DATE('2025-05-28','YYYY-MM-DD'), 'CHO_GIAO');
INSERT INTO ThongTinVanChuyen (ma_van_chuyen, ma_don_hang, ma_nguoi_van_chuyen, dia_chi_giao, ngay_giao_du_kien, trang_thai) VALUES ('VC202500142', 'DH202500246', 1015, '247 Phan Đình Phùng, Quận Liên Chiểu, Vinh', TO_DATE('2025-10-30','YYYY-MM-DD'), 'DA_GIAO');
INSERT INTO ThongTinVanChuyen (ma_van_chuyen, ma_don_hang, ma_nguoi_van_chuyen, dia_chi_giao, ngay_giao_du_kien, trang_thai) VALUES ('VC202500143', 'DH202500275', 1015, '29 Nguyễn Thị Minh Khai, Quận Thanh Xuân, Bắc Ninh', TO_DATE('2025-08-28','YYYY-MM-DD'), 'HUY');
INSERT INTO ThongTinVanChuyen (ma_van_chuyen, ma_don_hang, ma_nguoi_van_chuyen, dia_chi_giao, ngay_giao_du_kien, trang_thai) VALUES ('VC202500144', 'DH202500162', 1009, '296 Ngô Quyền, Quận Cầu Giấy, Nha Trang', TO_DATE('2025-02-28','YYYY-MM-DD'), 'DA_GIAO');
INSERT INTO ThongTinVanChuyen (ma_van_chuyen, ma_don_hang, ma_nguoi_van_chuyen, dia_chi_giao, ngay_giao_du_kien, trang_thai) VALUES ('VC202500145', 'DH202500034', 1003, '193 Ngô Quyền, Quận 7, Đà Nẵng', TO_DATE('2025-07-12','YYYY-MM-DD'), 'DANG_GIAO');
INSERT INTO ThongTinVanChuyen (ma_van_chuyen, ma_don_hang, ma_nguoi_van_chuyen, dia_chi_giao, ngay_giao_du_kien, trang_thai) VALUES ('VC202500146', 'DH202500293', 1010, '60 Điện Biên Phủ, Quận Sơn Trà, Nha Trang', TO_DATE('2025-08-05','YYYY-MM-DD'), 'DA_GIAO');
INSERT INTO ThongTinVanChuyen (ma_van_chuyen, ma_don_hang, ma_nguoi_van_chuyen, dia_chi_giao, ngay_giao_du_kien, trang_thai) VALUES ('VC202500147', 'DH202500017', 1005, '122 Lý Thường Kiệt, Quận 3, Cần Thơ', TO_DATE('2025-03-05','YYYY-MM-DD'), 'DA_GIAO');
INSERT INTO ThongTinVanChuyen (ma_van_chuyen, ma_don_hang, ma_nguoi_van_chuyen, dia_chi_giao, ngay_giao_du_kien, trang_thai) VALUES ('VC202500148', 'DH202500111', 1009, '192 Nguyễn Văn Cừ, Quận Hai Bà Trưng, TP. Hồ Chí Minh', TO_DATE('2025-02-24','YYYY-MM-DD'), 'DA_GIAO');
INSERT INTO ThongTinVanChuyen (ma_van_chuyen, ma_don_hang, ma_nguoi_van_chuyen, dia_chi_giao, ngay_giao_du_kien, trang_thai) VALUES ('VC202500149', 'DH202500228', 1009, '98 Lý Thường Kiệt, Quận 3, Buôn Ma Thuột', TO_DATE('2025-08-01','YYYY-MM-DD'), 'DA_GIAO');
INSERT INTO ThongTinVanChuyen (ma_van_chuyen, ma_don_hang, ma_nguoi_van_chuyen, dia_chi_giao, ngay_giao_du_kien, trang_thai) VALUES ('VC202500150', 'DH202500159', 1013, '51 Nguyễn Thị Minh Khai, Quận Liên Chiểu, Đà Nẵng', TO_DATE('2025-07-24','YYYY-MM-DD'), 'DA_GIAO');
INSERT INTO ThongTinVanChuyen (ma_van_chuyen, ma_don_hang, ma_nguoi_van_chuyen, dia_chi_giao, ngay_giao_du_kien, trang_thai) VALUES ('VC202500151', 'DH202500106', 1012, '3 Điện Biên Phủ, Quận Hoàn Kiếm, Thái Nguyên', TO_DATE('2025-07-23','YYYY-MM-DD'), 'CHO_GIAO');
INSERT INTO ThongTinVanChuyen (ma_van_chuyen, ma_don_hang, ma_nguoi_van_chuyen, dia_chi_giao, ngay_giao_du_kien, trang_thai) VALUES ('VC202500152', 'DH202500045', 1006, '267 Ngô Quyền, Quận Sơn Trà, Cần Thơ', TO_DATE('2025-04-02','YYYY-MM-DD'), 'CHO_GIAO');
INSERT INTO ThongTinVanChuyen (ma_van_chuyen, ma_don_hang, ma_nguoi_van_chuyen, dia_chi_giao, ngay_giao_du_kien, trang_thai) VALUES ('VC202500153', 'DH202500012', 1010, '165 Lê Lợi, Quận Hai Bà Trưng, Cần Thơ', TO_DATE('2025-06-06','YYYY-MM-DD'), 'DA_GIAO');
INSERT INTO ThongTinVanChuyen (ma_van_chuyen, ma_don_hang, ma_nguoi_van_chuyen, dia_chi_giao, ngay_giao_du_kien, trang_thai) VALUES ('VC202500154', 'DH202500142', 1009, '140 Phan Đình Phùng, Quận Ba Đình, Cần Thơ', TO_DATE('2025-08-29','YYYY-MM-DD'), 'CHO_GIAO');
INSERT INTO ThongTinVanChuyen (ma_van_chuyen, ma_don_hang, ma_nguoi_van_chuyen, dia_chi_giao, ngay_giao_du_kien, trang_thai) VALUES ('VC202500155', 'DH202500059', 1001, '106 Nguyễn Thị Minh Khai, Quận Cầu Giấy, Buôn Ma Thuột', TO_DATE('2025-04-12','YYYY-MM-DD'), 'CHO_GIAO');
INSERT INTO ThongTinVanChuyen (ma_van_chuyen, ma_don_hang, ma_nguoi_van_chuyen, dia_chi_giao, ngay_giao_du_kien, trang_thai) VALUES ('VC202500156', 'DH202500164', 1005, '294 Lê Lợi, Quận Ba Đình, TP. Hồ Chí Minh', TO_DATE('2025-06-19','YYYY-MM-DD'), 'DANG_GIAO');
INSERT INTO ThongTinVanChuyen (ma_van_chuyen, ma_don_hang, ma_nguoi_van_chuyen, dia_chi_giao, ngay_giao_du_kien, trang_thai) VALUES ('VC202500157', 'DH202500160', 1010, '67 Nguyễn Văn Cừ, Quận 3, Thái Nguyên', TO_DATE('2025-07-21','YYYY-MM-DD'), 'CHO_GIAO');
INSERT INTO ThongTinVanChuyen (ma_van_chuyen, ma_don_hang, ma_nguoi_van_chuyen, dia_chi_giao, ngay_giao_du_kien, trang_thai) VALUES ('VC202500158', 'DH202500026', 1002, '219 Hai Bà Trưng, Quận Ba Đình, Bắc Ninh', TO_DATE('2025-07-22','YYYY-MM-DD'), 'DA_GIAO');
INSERT INTO ThongTinVanChuyen (ma_van_chuyen, ma_don_hang, ma_nguoi_van_chuyen, dia_chi_giao, ngay_giao_du_kien, trang_thai) VALUES ('VC202500159', 'DH202500229', 1010, '102 Lê Duẩn, Quận Liên Chiểu, Buôn Ma Thuột', TO_DATE('2025-03-19','YYYY-MM-DD'), 'DA_GIAO');
INSERT INTO ThongTinVanChuyen (ma_van_chuyen, ma_don_hang, ma_nguoi_van_chuyen, dia_chi_giao, ngay_giao_du_kien, trang_thai) VALUES ('VC202500160', 'DH202500041', 1015, '240 Trần Hưng Đạo, Quận 3, Cần Thơ', TO_DATE('2026-01-03','YYYY-MM-DD'), 'CHO_GIAO');
INSERT INTO ThongTinVanChuyen (ma_van_chuyen, ma_don_hang, ma_nguoi_van_chuyen, dia_chi_giao, ngay_giao_du_kien, trang_thai) VALUES ('VC202500161', 'DH202500239', 1008, '133 Lý Thường Kiệt, Quận 1, Đà Nẵng', TO_DATE('2025-10-17','YYYY-MM-DD'), 'DA_GIAO');
INSERT INTO ThongTinVanChuyen (ma_van_chuyen, ma_don_hang, ma_nguoi_van_chuyen, dia_chi_giao, ngay_giao_du_kien, trang_thai) VALUES ('VC202500162', 'DH202500170', 1013, '34 Bà Triệu, Quận Đống Đa, Nha Trang', TO_DATE('2025-02-12','YYYY-MM-DD'), 'CHO_GIAO');
INSERT INTO ThongTinVanChuyen (ma_van_chuyen, ma_don_hang, ma_nguoi_van_chuyen, dia_chi_giao, ngay_giao_du_kien, trang_thai) VALUES ('VC202500163', 'DH202500246', 1008, '179 Phố Huế, Quận Tân Bình, Đà Nẵng', TO_DATE('2025-10-25','YYYY-MM-DD'), 'DA_GIAO');
INSERT INTO ThongTinVanChuyen (ma_van_chuyen, ma_don_hang, ma_nguoi_van_chuyen, dia_chi_giao, ngay_giao_du_kien, trang_thai) VALUES ('VC202500164', 'DH202500261', 1002, '167 Nguyễn Thị Minh Khai, Quận Liên Chiểu, TP. Hồ Chí Minh', TO_DATE('2025-04-12','YYYY-MM-DD'), 'CHO_GIAO');
INSERT INTO ThongTinVanChuyen (ma_van_chuyen, ma_don_hang, ma_nguoi_van_chuyen, dia_chi_giao, ngay_giao_du_kien, trang_thai) VALUES ('VC202500165', 'DH202500155', 1009, '123 Phố Huế, Quận Hai Bà Trưng, Buôn Ma Thuột', TO_DATE('2025-06-18','YYYY-MM-DD'), 'HUY');
INSERT INTO ThongTinVanChuyen (ma_van_chuyen, ma_don_hang, ma_nguoi_van_chuyen, dia_chi_giao, ngay_giao_du_kien, trang_thai) VALUES ('VC202500166', 'DH202500082', 1008, '107 Lê Duẩn, Quận Tân Bình, Huế', TO_DATE('2025-12-11','YYYY-MM-DD'), 'DA_GIAO');
INSERT INTO ThongTinVanChuyen (ma_van_chuyen, ma_don_hang, ma_nguoi_van_chuyen, dia_chi_giao, ngay_giao_du_kien, trang_thai) VALUES ('VC202500167', 'DH202500223', 1010, '89 Ngô Quyền, Quận Liên Chiểu, TP. Hồ Chí Minh', TO_DATE('2025-10-30','YYYY-MM-DD'), 'DA_GIAO');
INSERT INTO ThongTinVanChuyen (ma_van_chuyen, ma_don_hang, ma_nguoi_van_chuyen, dia_chi_giao, ngay_giao_du_kien, trang_thai) VALUES ('VC202500168', 'DH202500294', 1014, '238 Lý Thường Kiệt, Quận 7, TP. Hồ Chí Minh', TO_DATE('2025-12-09','YYYY-MM-DD'), 'DA_GIAO');
INSERT INTO ThongTinVanChuyen (ma_van_chuyen, ma_don_hang, ma_nguoi_van_chuyen, dia_chi_giao, ngay_giao_du_kien, trang_thai) VALUES ('VC202500169', 'DH202500228', 1003, '56 Ngô Quyền, Quận Tân Bình, Huế', TO_DATE('2025-08-05','YYYY-MM-DD'), 'CHO_GIAO');
INSERT INTO ThongTinVanChuyen (ma_van_chuyen, ma_don_hang, ma_nguoi_van_chuyen, dia_chi_giao, ngay_giao_du_kien, trang_thai) VALUES ('VC202500170', 'DH202500168', 1008, '112 Phan Đình Phùng, Quận Tân Bình, Thái Nguyên', TO_DATE('2025-12-15','YYYY-MM-DD'), 'CHO_GIAO');
INSERT INTO ThongTinVanChuyen (ma_van_chuyen, ma_don_hang, ma_nguoi_van_chuyen, dia_chi_giao, ngay_giao_du_kien, trang_thai) VALUES ('VC202500171', 'DH202500001', 1013, '273 Điện Biên Phủ, Quận 1, Bắc Ninh', TO_DATE('2025-08-02','YYYY-MM-DD'), 'HUY');
INSERT INTO ThongTinVanChuyen (ma_van_chuyen, ma_don_hang, ma_nguoi_van_chuyen, dia_chi_giao, ngay_giao_du_kien, trang_thai) VALUES ('VC202500172', 'DH202500296', 1008, '163 Điện Biên Phủ, Quận Tân Bình, Thái Nguyên', TO_DATE('2025-05-10','YYYY-MM-DD'), 'DA_GIAO');
INSERT INTO ThongTinVanChuyen (ma_van_chuyen, ma_don_hang, ma_nguoi_van_chuyen, dia_chi_giao, ngay_giao_du_kien, trang_thai) VALUES ('VC202500173', 'DH202500156', 1015, '46 Phố Huế, Quận Hoàn Kiếm, Bắc Ninh', TO_DATE('2025-11-03','YYYY-MM-DD'), 'DANG_GIAO');
INSERT INTO ThongTinVanChuyen (ma_van_chuyen, ma_don_hang, ma_nguoi_van_chuyen, dia_chi_giao, ngay_giao_du_kien, trang_thai) VALUES ('VC202500174', 'DH202500262', 1007, '190 Nguyễn Thị Minh Khai, Quận Hoàn Kiếm, Hà Nội', TO_DATE('2025-12-24','YYYY-MM-DD'), 'CHO_GIAO');
INSERT INTO ThongTinVanChuyen (ma_van_chuyen, ma_don_hang, ma_nguoi_van_chuyen, dia_chi_giao, ngay_giao_du_kien, trang_thai) VALUES ('VC202500175', 'DH202500287', 1014, '145 Nguyễn Văn Cừ, Quận Hai Bà Trưng, Huế', TO_DATE('2025-04-21','YYYY-MM-DD'), 'DA_GIAO');
INSERT INTO ThongTinVanChuyen (ma_van_chuyen, ma_don_hang, ma_nguoi_van_chuyen, dia_chi_giao, ngay_giao_du_kien, trang_thai) VALUES ('VC202500176', 'DH202500202', 1011, '196 Hai Bà Trưng, Quận 7, Hải Phòng', TO_DATE('2025-05-29','YYYY-MM-DD'), 'HUY');
INSERT INTO ThongTinVanChuyen (ma_van_chuyen, ma_don_hang, ma_nguoi_van_chuyen, dia_chi_giao, ngay_giao_du_kien, trang_thai) VALUES ('VC202500177', 'DH202500089', 1008, '197 Lý Thường Kiệt, Quận 1, Đà Nẵng', TO_DATE('2025-03-20','YYYY-MM-DD'), 'DA_GIAO');
INSERT INTO ThongTinVanChuyen (ma_van_chuyen, ma_don_hang, ma_nguoi_van_chuyen, dia_chi_giao, ngay_giao_du_kien, trang_thai) VALUES ('VC202500178', 'DH202500148', 1014, '6 Trần Hưng Đạo, Quận Liên Chiểu, Hà Nội', TO_DATE('2025-02-22','YYYY-MM-DD'), 'DA_GIAO');
INSERT INTO ThongTinVanChuyen (ma_van_chuyen, ma_don_hang, ma_nguoi_van_chuyen, dia_chi_giao, ngay_giao_du_kien, trang_thai) VALUES ('VC202500179', 'DH202500074', 1012, '44 Phan Đình Phùng, Quận Liên Chiểu, Huế', TO_DATE('2025-11-08','YYYY-MM-DD'), 'DA_GIAO');
INSERT INTO ThongTinVanChuyen (ma_van_chuyen, ma_don_hang, ma_nguoi_van_chuyen, dia_chi_giao, ngay_giao_du_kien, trang_thai) VALUES ('VC202500180', 'DH202500234', 1015, '233 Nguyễn Thị Minh Khai, Quận 1, Buôn Ma Thuột', TO_DATE('2025-02-13','YYYY-MM-DD'), 'DA_GIAO');
INSERT INTO ThongTinVanChuyen (ma_van_chuyen, ma_don_hang, ma_nguoi_van_chuyen, dia_chi_giao, ngay_giao_du_kien, trang_thai) VALUES ('VC202500181', 'DH202500231', 1007, '218 Phố Huế, Quận Hoàn Kiếm, Bắc Ninh', TO_DATE('2025-09-29','YYYY-MM-DD'), 'DA_GIAO');
INSERT INTO ThongTinVanChuyen (ma_van_chuyen, ma_don_hang, ma_nguoi_van_chuyen, dia_chi_giao, ngay_giao_du_kien, trang_thai) VALUES ('VC202500182', 'DH202500256', 1014, '211 Nguyễn Thị Minh Khai, Quận Tân Bình, Nha Trang', TO_DATE('2025-03-05','YYYY-MM-DD'), 'DANG_GIAO');
INSERT INTO ThongTinVanChuyen (ma_van_chuyen, ma_don_hang, ma_nguoi_van_chuyen, dia_chi_giao, ngay_giao_du_kien, trang_thai) VALUES ('VC202500183', 'DH202500018', 1001, '58 Phố Huế, Quận 3, TP. Hồ Chí Minh', TO_DATE('2025-09-01','YYYY-MM-DD'), 'DANG_GIAO');
INSERT INTO ThongTinVanChuyen (ma_van_chuyen, ma_don_hang, ma_nguoi_van_chuyen, dia_chi_giao, ngay_giao_du_kien, trang_thai) VALUES ('VC202500184', 'DH202500073', 1012, '239 Nguyễn Thị Minh Khai, Quận Đống Đa, Buôn Ma Thuột', TO_DATE('2025-04-24','YYYY-MM-DD'), 'DANG_GIAO');
INSERT INTO ThongTinVanChuyen (ma_van_chuyen, ma_don_hang, ma_nguoi_van_chuyen, dia_chi_giao, ngay_giao_du_kien, trang_thai) VALUES ('VC202500185', 'DH202500046', 1004, '277 Phố Huế, Quận Thanh Xuân, Bắc Ninh', TO_DATE('2025-08-22','YYYY-MM-DD'), 'CHO_GIAO');
INSERT INTO ThongTinVanChuyen (ma_van_chuyen, ma_don_hang, ma_nguoi_van_chuyen, dia_chi_giao, ngay_giao_du_kien, trang_thai) VALUES ('VC202500186', 'DH202500028', 1015, '241 Bà Triệu, Quận 7, Vinh', TO_DATE('2025-10-31','YYYY-MM-DD'), 'CHO_GIAO');
INSERT INTO ThongTinVanChuyen (ma_van_chuyen, ma_don_hang, ma_nguoi_van_chuyen, dia_chi_giao, ngay_giao_du_kien, trang_thai) VALUES ('VC202500187', 'DH202500294', 1012, '149 Phan Đình Phùng, Quận Hoàn Kiếm, Bắc Ninh', TO_DATE('2025-12-07','YYYY-MM-DD'), 'DANG_GIAO');
INSERT INTO ThongTinVanChuyen (ma_van_chuyen, ma_don_hang, ma_nguoi_van_chuyen, dia_chi_giao, ngay_giao_du_kien, trang_thai) VALUES ('VC202500188', 'DH202500156', 1012, '243 Phố Huế, Quận Ba Đình, Bắc Ninh', TO_DATE('2025-11-06','YYYY-MM-DD'), 'DA_GIAO');
INSERT INTO ThongTinVanChuyen (ma_van_chuyen, ma_don_hang, ma_nguoi_van_chuyen, dia_chi_giao, ngay_giao_du_kien, trang_thai) VALUES ('VC202500189', 'DH202500027', 1011, '147 Bà Triệu, Quận Đống Đa, Đà Nẵng', TO_DATE('2025-05-21','YYYY-MM-DD'), 'CHO_GIAO');
INSERT INTO ThongTinVanChuyen (ma_van_chuyen, ma_don_hang, ma_nguoi_van_chuyen, dia_chi_giao, ngay_giao_du_kien, trang_thai) VALUES ('VC202500190', 'DH202500259', 1002, '144 Điện Biên Phủ, Quận Thanh Xuân, Hà Nội', TO_DATE('2025-07-22','YYYY-MM-DD'), 'DA_GIAO');
INSERT INTO ThongTinVanChuyen (ma_van_chuyen, ma_don_hang, ma_nguoi_van_chuyen, dia_chi_giao, ngay_giao_du_kien, trang_thai) VALUES ('VC202500191', 'DH202500058', 1010, '229 Lý Thường Kiệt, Quận Ba Đình, Cần Thơ', TO_DATE('2025-01-19','YYYY-MM-DD'), 'DA_GIAO');
INSERT INTO ThongTinVanChuyen (ma_van_chuyen, ma_don_hang, ma_nguoi_van_chuyen, dia_chi_giao, ngay_giao_du_kien, trang_thai) VALUES ('VC202500192', 'DH202500121', 1008, '176 Trần Hưng Đạo, Quận Ba Đình, Bắc Ninh', TO_DATE('2025-09-10','YYYY-MM-DD'), 'CHO_GIAO');
INSERT INTO ThongTinVanChuyen (ma_van_chuyen, ma_don_hang, ma_nguoi_van_chuyen, dia_chi_giao, ngay_giao_du_kien, trang_thai) VALUES ('VC202500193', 'DH202500079', 1014, '197 Lê Lợi, Quận Liên Chiểu, Vinh', TO_DATE('2025-06-05','YYYY-MM-DD'), 'HUY');
INSERT INTO ThongTinVanChuyen (ma_van_chuyen, ma_don_hang, ma_nguoi_van_chuyen, dia_chi_giao, ngay_giao_du_kien, trang_thai) VALUES ('VC202500194', 'DH202500086', 1004, '28 Ngô Quyền, Quận Thanh Xuân, TP. Hồ Chí Minh', TO_DATE('2025-09-20','YYYY-MM-DD'), 'DANG_GIAO');
INSERT INTO ThongTinVanChuyen (ma_van_chuyen, ma_don_hang, ma_nguoi_van_chuyen, dia_chi_giao, ngay_giao_du_kien, trang_thai) VALUES ('VC202500195', 'DH202500027', 1003, '244 Lê Duẩn, Quận 7, Hải Phòng', TO_DATE('2025-05-24','YYYY-MM-DD'), 'DANG_GIAO');
INSERT INTO ThongTinVanChuyen (ma_van_chuyen, ma_don_hang, ma_nguoi_van_chuyen, dia_chi_giao, ngay_giao_du_kien, trang_thai) VALUES ('VC202500196', 'DH202500195', 1011, '272 Hai Bà Trưng, Quận Hoàn Kiếm, Cần Thơ', TO_DATE('2025-06-24','YYYY-MM-DD'), 'DA_GIAO');
INSERT INTO ThongTinVanChuyen (ma_van_chuyen, ma_don_hang, ma_nguoi_van_chuyen, dia_chi_giao, ngay_giao_du_kien, trang_thai) VALUES ('VC202500197', 'DH202500230', 1007, '272 Ngô Quyền, Quận Hoàn Kiếm, TP. Hồ Chí Minh', TO_DATE('2025-07-05','YYYY-MM-DD'), 'DA_GIAO');
INSERT INTO ThongTinVanChuyen (ma_van_chuyen, ma_don_hang, ma_nguoi_van_chuyen, dia_chi_giao, ngay_giao_du_kien, trang_thai) VALUES ('VC202500198', 'DH202500273', 1011, '140 Lý Thường Kiệt, Quận Thanh Xuân, Cần Thơ', TO_DATE('2025-01-22','YYYY-MM-DD'), 'HUY');
INSERT INTO ThongTinVanChuyen (ma_van_chuyen, ma_don_hang, ma_nguoi_van_chuyen, dia_chi_giao, ngay_giao_du_kien, trang_thai) VALUES ('VC202500199', 'DH202500051', 1005, '124 Lê Duẩn, Quận Liên Chiểu, Bắc Ninh', TO_DATE('2025-02-09','YYYY-MM-DD'), 'HUY');
INSERT INTO ThongTinVanChuyen (ma_van_chuyen, ma_don_hang, ma_nguoi_van_chuyen, dia_chi_giao, ngay_giao_du_kien, trang_thai) VALUES ('VC202500200', 'DH202500100', 1009, '161 Nguyễn Thị Minh Khai, Quận Hoàn Kiếm, Thái Nguyên', TO_DATE('2025-07-18','YYYY-MM-DD'), 'DA_GIAO');


-- select count (*) from ThongTinVanChuyen
SELECT constraint_name, search_condition
FROM user_constraints
WHERE constraint_name = 'SYS_C007670';

-- 12. ThongTinDanhGia
-- truncate table ThongTinDanhGia
INSERT INTO ThongTinDanhGia (ma_san_pham, ma_tai_khoan, ma_don_hang, noi_dung, danh_gia, ngay_danh_gia) VALUES ('PRD105', 105, 'DH202500004', 'Sản phẩm tốt, đóng gói kỹ', 4, TO_DATE('2025-12-05', 'YYYY-MM-DD'));
INSERT INTO ThongTinDanhGia (ma_san_pham, ma_tai_khoan, ma_don_hang, noi_dung, danh_gia, ngay_danh_gia) VALUES ('PRD056', 45, 'DH202500021', 'Giao nhanh, đúng mô tả', 5, TO_DATE('2025-11-16', 'YYYY-MM-DD'));
INSERT INTO ThongTinDanhGia (ma_san_pham, ma_tai_khoan, ma_don_hang, noi_dung, danh_gia, ngay_danh_gia) VALUES ('PRD110', 45, 'DH202500021', 'Chất lượng kém, cần nâng cấp', 3, TO_DATE('2025-11-12', 'YYYY-MM-DD'));
INSERT INTO ThongTinDanhGia (ma_san_pham, ma_tai_khoan, ma_don_hang, noi_dung, danh_gia, ngay_danh_gia) VALUES ('PRD141', 45, 'DH202500021', 'Sản phẩm tốt, đóng gói kỹ', 5, TO_DATE('2025-11-13', 'YYYY-MM-DD'));
INSERT INTO ThongTinDanhGia (ma_san_pham, ma_tai_khoan, ma_don_hang, noi_dung, danh_gia, ngay_danh_gia) VALUES ('PRD103', 48, 'DH202500024', 'Không như hình', 5, TO_DATE('2025-03-17', 'YYYY-MM-DD'));
INSERT INTO ThongTinDanhGia (ma_san_pham, ma_tai_khoan, ma_don_hang, noi_dung, danh_gia, ngay_danh_gia) VALUES ('PRD136', 123, 'DH202500036', 'Hài lòng', 5, TO_DATE('2025-04-04', 'YYYY-MM-DD'));
INSERT INTO ThongTinDanhGia (ma_san_pham, ma_tai_khoan, ma_don_hang, noi_dung, danh_gia, ngay_danh_gia) VALUES ('PRD059', 123, 'DH202500036', 'Sẽ ủng hộ tiếp', 5, TO_DATE('2025-04-04', 'YYYY-MM-DD'));
INSERT INTO ThongTinDanhGia (ma_san_pham, ma_tai_khoan, ma_don_hang, noi_dung, danh_gia, ngay_danh_gia) VALUES ('PRD050', 123, 'DH202500036', 'Giao nhanh, đúng mô tả', 3, TO_DATE('2025-04-03', 'YYYY-MM-DD'));
INSERT INTO ThongTinDanhGia (ma_san_pham, ma_tai_khoan, ma_don_hang, noi_dung, danh_gia, ngay_danh_gia) VALUES ('PRD020', 21, 'DH202500040', 'Chất lượng kém, cần nâng cấp', 4, TO_DATE('2025-10-10', 'YYYY-MM-DD'));
INSERT INTO ThongTinDanhGia (ma_san_pham, ma_tai_khoan, ma_don_hang, noi_dung, danh_gia, ngay_danh_gia) VALUES ('PRD078', 53, 'DH202500047', 'Hài lòng', 4, TO_DATE('2025-11-10', 'YYYY-MM-DD'));
INSERT INTO ThongTinDanhGia (ma_san_pham, ma_tai_khoan, ma_don_hang, noi_dung, danh_gia, ngay_danh_gia) VALUES ('PRD090', 24, 'DH202500048', 'Chất lượng kém, cần nâng cấp', 3, TO_DATE('2025-10-04', 'YYYY-MM-DD'));
INSERT INTO ThongTinDanhGia (ma_san_pham, ma_tai_khoan, ma_don_hang, noi_dung, danh_gia, ngay_danh_gia) VALUES ('PRD007', 132, 'DH202500050', 'Sản phẩm tốt, đóng gói kỹ', 4, TO_DATE('2025-08-10', 'YYYY-MM-DD'));
INSERT INTO ThongTinDanhGia (ma_san_pham, ma_tai_khoan, ma_don_hang, noi_dung, danh_gia, ngay_danh_gia) VALUES ('PRD043', 19, 'DH202500055', 'Chất lượng kém, cần nâng cấp', 3, TO_DATE('2025-02-03', 'YYYY-MM-DD'));
INSERT INTO ThongTinDanhGia (ma_san_pham, ma_tai_khoan, ma_don_hang, noi_dung, danh_gia, ngay_danh_gia) VALUES ('PRD075', 19, 'DH202500055', 'Sản phẩm tốt, đóng gói kỹ', 4, TO_DATE('2025-01-30', 'YYYY-MM-DD'));
INSERT INTO ThongTinDanhGia (ma_san_pham, ma_tai_khoan, ma_don_hang, noi_dung, danh_gia, ngay_danh_gia) VALUES ('PRD059', 115, 'DH202500061', 'Sản phẩm tốt, đóng gói kỹ', 3, TO_DATE('2025-07-24', 'YYYY-MM-DD'));
INSERT INTO ThongTinDanhGia (ma_san_pham, ma_tai_khoan, ma_don_hang, noi_dung, danh_gia, ngay_danh_gia) VALUES ('PRD008', 115, 'DH202500061', 'Hài lòng', 3, TO_DATE('2025-07-25', 'YYYY-MM-DD'));
INSERT INTO ThongTinDanhGia (ma_san_pham, ma_tai_khoan, ma_don_hang, noi_dung, danh_gia, ngay_danh_gia) VALUES ('PRD024', 115, 'DH202500061', 'Sẽ ủng hộ tiếp', 3, TO_DATE('2025-07-23', 'YYYY-MM-DD'));
INSERT INTO ThongTinDanhGia (ma_san_pham, ma_tai_khoan, ma_don_hang, noi_dung, danh_gia, ngay_danh_gia) VALUES ('PRD123', 109, 'DH202500068', 'Sản phẩm tốt, đóng gói kỹ', 3, TO_DATE('2025-10-12', 'YYYY-MM-DD'));
INSERT INTO ThongTinDanhGia (ma_san_pham, ma_tai_khoan, ma_don_hang, noi_dung, danh_gia, ngay_danh_gia) VALUES ('PRD078', 109, 'DH202500068', 'Sẽ ủng hộ tiếp', 4, TO_DATE('2025-10-15', 'YYYY-MM-DD'));
INSERT INTO ThongTinDanhGia (ma_san_pham, ma_tai_khoan, ma_don_hang, noi_dung, danh_gia, ngay_danh_gia) VALUES ('PRD016', 109, 'DH202500068', 'Hài lòng', 3, TO_DATE('2025-10-10', 'YYYY-MM-DD'));
INSERT INTO ThongTinDanhGia (ma_san_pham, ma_tai_khoan, ma_don_hang, noi_dung, danh_gia, ngay_danh_gia) VALUES ('PRD066', 59, 'DH202500069', 'Sẽ ủng hộ tiếp', 3, TO_DATE('2025-05-10', 'YYYY-MM-DD'));
INSERT INTO ThongTinDanhGia (ma_san_pham, ma_tai_khoan, ma_don_hang, noi_dung, danh_gia, ngay_danh_gia) VALUES ('PRD015', 63, 'DH202500076', 'Sẽ ủng hộ tiếp', 4, TO_DATE('2025-02-01', 'YYYY-MM-DD'));
INSERT INTO ThongTinDanhGia (ma_san_pham, ma_tai_khoan, ma_don_hang, noi_dung, danh_gia, ngay_danh_gia) VALUES ('PRD031', 63, 'DH202500076', 'Không như hình', 3, TO_DATE('2025-02-03', 'YYYY-MM-DD'));
INSERT INTO ThongTinDanhGia (ma_san_pham, ma_tai_khoan, ma_don_hang, noi_dung, danh_gia, ngay_danh_gia) VALUES ('PRD024', 63, 'DH202500076', 'Sẽ ủng hộ tiếp', 4, TO_DATE('2025-02-02', 'YYYY-MM-DD'));
INSERT INTO ThongTinDanhGia (ma_san_pham, ma_tai_khoan, ma_don_hang, noi_dung, danh_gia, ngay_danh_gia) VALUES ('PRD132', 45, 'DH202500085', 'Sản phẩm tốt, đóng gói kỹ', 5, TO_DATE('2025-11-23', 'YYYY-MM-DD'));
INSERT INTO ThongTinDanhGia (ma_san_pham, ma_tai_khoan, ma_don_hang, noi_dung, danh_gia, ngay_danh_gia) VALUES ('PRD020', 45, 'DH202500085', 'Sản phẩm tốt, đóng gói kỹ', 4, TO_DATE('2025-12-01', 'YYYY-MM-DD'));
INSERT INTO ThongTinDanhGia (ma_san_pham, ma_tai_khoan, ma_don_hang, noi_dung, danh_gia, ngay_danh_gia) VALUES ('PRD075', 135, 'DH202500088', 'Chất lượng kém, cần nâng cấp', 5, TO_DATE('2025-06-20', 'YYYY-MM-DD'));
INSERT INTO ThongTinDanhGia (ma_san_pham, ma_tai_khoan, ma_don_hang, noi_dung, danh_gia, ngay_danh_gia) VALUES ('PRD143', 135, 'DH202500088', 'Hài lòng', 3, TO_DATE('2025-06-26', 'YYYY-MM-DD'));
INSERT INTO ThongTinDanhGia (ma_san_pham, ma_tai_khoan, ma_don_hang, noi_dung, danh_gia, ngay_danh_gia) VALUES ('PRD134', 136, 'DH202500095', 'Chất lượng kém, cần nâng cấp', 5, TO_DATE('2025-03-18', 'YYYY-MM-DD'));
INSERT INTO ThongTinDanhGia (ma_san_pham, ma_tai_khoan, ma_don_hang, noi_dung, danh_gia, ngay_danh_gia) VALUES ('PRD052', 144, 'DH202500102', 'Chất lượng kém, cần nâng cấp', 5, TO_DATE('2025-04-28', 'YYYY-MM-DD'));
INSERT INTO ThongTinDanhGia (ma_san_pham, ma_tai_khoan, ma_don_hang, noi_dung, danh_gia, ngay_danh_gia) VALUES ('PRD085', 93, 'DH202500110', 'Sản phẩm tốt, đóng gói kỹ', 4, TO_DATE('2025-10-03', 'YYYY-MM-DD'));
INSERT INTO ThongTinDanhGia (ma_san_pham, ma_tai_khoan, ma_don_hang, noi_dung, danh_gia, ngay_danh_gia) VALUES ('PRD011', 120, 'DH202500111', 'Sẽ ủng hộ tiếp', 4, TO_DATE('2025-02-24', 'YYYY-MM-DD'));
INSERT INTO ThongTinDanhGia (ma_san_pham, ma_tai_khoan, ma_don_hang, noi_dung, danh_gia, ngay_danh_gia) VALUES ('PRD069', 150, 'DH202500116', 'Hài lòng', 3, TO_DATE('2025-11-06', 'YYYY-MM-DD'));
INSERT INTO ThongTinDanhGia (ma_san_pham, ma_tai_khoan, ma_don_hang, noi_dung, danh_gia, ngay_danh_gia) VALUES ('PRD099', 85, 'DH202500118', 'Giao nhanh, đúng mô tả', 3, TO_DATE('2025-05-04', 'YYYY-MM-DD'));
INSERT INTO ThongTinDanhGia (ma_san_pham, ma_tai_khoan, ma_don_hang, noi_dung, danh_gia, ngay_danh_gia) VALUES ('PRD001', 66, 'DH202500121', 'Hài lòng', 4, TO_DATE('2025-09-12', 'YYYY-MM-DD'));
INSERT INTO ThongTinDanhGia (ma_san_pham, ma_tai_khoan, ma_don_hang, noi_dung, danh_gia, ngay_danh_gia) VALUES ('PRD051', 124, 'DH202500131', 'Hài lòng', 5, TO_DATE('2025-12-19', 'YYYY-MM-DD'));
INSERT INTO ThongTinDanhGia (ma_san_pham, ma_tai_khoan, ma_don_hang, noi_dung, danh_gia, ngay_danh_gia) VALUES ('PRD024', 129, 'DH202500136', 'Chất lượng kém, cần nâng cấp', 3, TO_DATE('2026-01-01', 'YYYY-MM-DD'));
INSERT INTO ThongTinDanhGia (ma_san_pham, ma_tai_khoan, ma_don_hang, noi_dung, danh_gia, ngay_danh_gia) VALUES ('PRD099', 129, 'DH202500136', 'Sẽ ủng hộ tiếp', 3, TO_DATE('2026-01-02', 'YYYY-MM-DD'));
INSERT INTO ThongTinDanhGia (ma_san_pham, ma_tai_khoan, ma_don_hang, noi_dung, danh_gia, ngay_danh_gia) VALUES ('PRD077', 9, 'DH202500145', 'Sẽ ủng hộ tiếp', 5, TO_DATE('2025-02-28', 'YYYY-MM-DD'));
INSERT INTO ThongTinDanhGia (ma_san_pham, ma_tai_khoan, ma_don_hang, noi_dung, danh_gia, ngay_danh_gia) VALUES ('PRD013', 44, 'DH202500148', 'Sẽ ủng hộ tiếp', 5, TO_DATE('2025-02-18', 'YYYY-MM-DD'));
INSERT INTO ThongTinDanhGia (ma_san_pham, ma_tai_khoan, ma_don_hang, noi_dung, danh_gia, ngay_danh_gia) VALUES ('PRD110', 14, 'DH202500162', 'Sẽ ủng hộ tiếp', 3, TO_DATE('2025-03-02', 'YYYY-MM-DD'));
INSERT INTO ThongTinDanhGia (ma_san_pham, ma_tai_khoan, ma_don_hang, noi_dung, danh_gia, ngay_danh_gia) VALUES ('PRD069', 70, 'DH202500165', 'Giao nhanh, đúng mô tả', 5, TO_DATE('2025-09-01', 'YYYY-MM-DD'));
INSERT INTO ThongTinDanhGia (ma_san_pham, ma_tai_khoan, ma_don_hang, noi_dung, danh_gia, ngay_danh_gia) VALUES ('PRD062', 70, 'DH202500165', 'Giao nhanh, đúng mô tả', 3, TO_DATE('2025-08-24', 'YYYY-MM-DD'));
INSERT INTO ThongTinDanhGia (ma_san_pham, ma_tai_khoan, ma_don_hang, noi_dung, danh_gia, ngay_danh_gia) VALUES ('PRD130', 70, 'DH202500165', 'Sẽ ủng hộ tiếp', 3, TO_DATE('2025-08-26', 'YYYY-MM-DD'));
INSERT INTO ThongTinDanhGia (ma_san_pham, ma_tai_khoan, ma_don_hang, noi_dung, danh_gia, ngay_danh_gia) VALUES ('PRD023', 150, 'DH202500168', 'Không như hình', 3, TO_DATE('2025-12-17', 'YYYY-MM-DD'));
INSERT INTO ThongTinDanhGia (ma_san_pham, ma_tai_khoan, ma_don_hang, noi_dung, danh_gia, ngay_danh_gia) VALUES ('PRD082', 143, 'DH202500178', 'Sản phẩm tốt, đóng gói kỹ', 4, TO_DATE('2025-10-02', 'YYYY-MM-DD'));
INSERT INTO ThongTinDanhGia (ma_san_pham, ma_tai_khoan, ma_don_hang, noi_dung, danh_gia, ngay_danh_gia) VALUES ('PRD075', 75, 'DH202500182', 'Sản phẩm tốt, đóng gói kỹ', 3, TO_DATE('2025-08-09', 'YYYY-MM-DD'));
INSERT INTO ThongTinDanhGia (ma_san_pham, ma_tai_khoan, ma_don_hang, noi_dung, danh_gia, ngay_danh_gia) VALUES ('PRD119', 108, 'DH202500189', 'Sản phẩm tốt, đóng gói kỹ', 5, TO_DATE('2025-06-15', 'YYYY-MM-DD'));
INSERT INTO ThongTinDanhGia (ma_san_pham, ma_tai_khoan, ma_don_hang, noi_dung, danh_gia, ngay_danh_gia) VALUES ('PRD041', 108, 'DH202500189', 'Không như hình', 3, TO_DATE('2025-06-11', 'YYYY-MM-DD'));
INSERT INTO ThongTinDanhGia (ma_san_pham, ma_tai_khoan, ma_don_hang, noi_dung, danh_gia, ngay_danh_gia) VALUES ('PRD033', 64, 'DH202500191', 'Không như hình', 3, TO_DATE('2025-11-25', 'YYYY-MM-DD'));
INSERT INTO ThongTinDanhGia (ma_san_pham, ma_tai_khoan, ma_don_hang, noi_dung, danh_gia, ngay_danh_gia) VALUES ('PRD061', 75, 'DH202500200', 'Chất lượng kém, cần nâng cấp', 3, TO_DATE('2026-01-06', 'YYYY-MM-DD'));
INSERT INTO ThongTinDanhGia (ma_san_pham, ma_tai_khoan, ma_don_hang, noi_dung, danh_gia, ngay_danh_gia) VALUES ('PRD084', 97, 'DH202500202', 'Sẽ ủng hộ tiếp', 4, TO_DATE('2025-06-04', 'YYYY-MM-DD'));
INSERT INTO ThongTinDanhGia (ma_san_pham, ma_tai_khoan, ma_don_hang, noi_dung, danh_gia, ngay_danh_gia) VALUES ('PRD145', 105, 'DH202500208', 'Giao nhanh, đúng mô tả', 5, TO_DATE('2025-12-14', 'YYYY-MM-DD'));
INSERT INTO ThongTinDanhGia (ma_san_pham, ma_tai_khoan, ma_don_hang, noi_dung, danh_gia, ngay_danh_gia) VALUES ('PRD096', 115, 'DH202500212', 'Sẽ ủng hộ tiếp', 5, TO_DATE('2025-11-12', 'YYYY-MM-DD'));
INSERT INTO ThongTinDanhGia (ma_san_pham, ma_tai_khoan, ma_don_hang, noi_dung, danh_gia, ngay_danh_gia) VALUES ('PRD082', 130, 'DH202500214', 'Hài lòng', 3, TO_DATE('2025-12-24', 'YYYY-MM-DD'));
INSERT INTO ThongTinDanhGia (ma_san_pham, ma_tai_khoan, ma_don_hang, noi_dung, danh_gia, ngay_danh_gia) VALUES ('PRD150', 12, 'DH202500219', 'Sản phẩm tốt, đóng gói kỹ', 5, TO_DATE('2025-10-29', 'YYYY-MM-DD'));
INSERT INTO ThongTinDanhGia (ma_san_pham, ma_tai_khoan, ma_don_hang, noi_dung, danh_gia, ngay_danh_gia) VALUES ('PRD121', 80, 'DH202500230', 'Sẽ ủng hộ tiếp', 4, TO_DATE('2025-07-09', 'YYYY-MM-DD'));
INSERT INTO ThongTinDanhGia (ma_san_pham, ma_tai_khoan, ma_don_hang, noi_dung, danh_gia, ngay_danh_gia) VALUES ('PRD023', 80, 'DH202500230', 'Giao nhanh, đúng mô tả', 3, TO_DATE('2025-06-30', 'YYYY-MM-DD'));
INSERT INTO ThongTinDanhGia (ma_san_pham, ma_tai_khoan, ma_don_hang, noi_dung, danh_gia, ngay_danh_gia) VALUES ('PRD015', 113, 'DH202500233', 'Không như hình', 4, TO_DATE('2026-01-01', 'YYYY-MM-DD'));
INSERT INTO ThongTinDanhGia (ma_san_pham, ma_tai_khoan, ma_don_hang, noi_dung, danh_gia, ngay_danh_gia) VALUES ('PRD073', 85, 'DH202500239', 'Không như hình', 5, TO_DATE('2025-10-17', 'YYYY-MM-DD'));
INSERT INTO ThongTinDanhGia (ma_san_pham, ma_tai_khoan, ma_don_hang, noi_dung, danh_gia, ngay_danh_gia) VALUES ('PRD014', 48, 'DH202500241', 'Không như hình', 3, TO_DATE('2025-04-19', 'YYYY-MM-DD'));
INSERT INTO ThongTinDanhGia (ma_san_pham, ma_tai_khoan, ma_don_hang, noi_dung, danh_gia, ngay_danh_gia) VALUES ('PRD117', 48, 'DH202500241', 'Chất lượng kém, cần nâng cấp', 4, TO_DATE('2025-04-15', 'YYYY-MM-DD'));
INSERT INTO ThongTinDanhGia (ma_san_pham, ma_tai_khoan, ma_don_hang, noi_dung, danh_gia, ngay_danh_gia) VALUES ('PRD046', 84, 'DH202500248', 'Giao nhanh, đúng mô tả', 3, TO_DATE('2025-04-15', 'YYYY-MM-DD'));
INSERT INTO ThongTinDanhGia (ma_san_pham, ma_tai_khoan, ma_don_hang, noi_dung, danh_gia, ngay_danh_gia) VALUES ('PRD089', 30, 'DH202500249', 'Không như hình', 5, TO_DATE('2025-05-21', 'YYYY-MM-DD'));
INSERT INTO ThongTinDanhGia (ma_san_pham, ma_tai_khoan, ma_don_hang, noi_dung, danh_gia, ngay_danh_gia) VALUES ('PRD116', 30, 'DH202500249', 'Hài lòng', 5, TO_DATE('2025-05-28', 'YYYY-MM-DD'));
INSERT INTO ThongTinDanhGia (ma_san_pham, ma_tai_khoan, ma_don_hang, noi_dung, danh_gia, ngay_danh_gia) VALUES ('PRD035', 131, 'DH202500259', 'Sản phẩm tốt, đóng gói kỹ', 3, TO_DATE('2025-07-22', 'YYYY-MM-DD'));
INSERT INTO ThongTinDanhGia (ma_san_pham, ma_tai_khoan, ma_don_hang, noi_dung, danh_gia, ngay_danh_gia) VALUES ('PRD008', 36, 'DH202500260', 'Hài lòng', 3, TO_DATE('2025-10-27', 'YYYY-MM-DD'));
INSERT INTO ThongTinDanhGia (ma_san_pham, ma_tai_khoan, ma_don_hang, noi_dung, danh_gia, ngay_danh_gia) VALUES ('PRD049', 109, 'DH202500261', 'Sản phẩm tốt, đóng gói kỹ', 5, TO_DATE('2025-04-14', 'YYYY-MM-DD'));
INSERT INTO ThongTinDanhGia (ma_san_pham, ma_tai_khoan, ma_don_hang, noi_dung, danh_gia, ngay_danh_gia) VALUES ('PRD006', 143, 'DH202500263', 'Chất lượng kém, cần nâng cấp', 4, TO_DATE('2025-04-08', 'YYYY-MM-DD'));
INSERT INTO ThongTinDanhGia (ma_san_pham, ma_tai_khoan, ma_don_hang, noi_dung, danh_gia, ngay_danh_gia) VALUES ('PRD011', 143, 'DH202500263', 'Hài lòng', 3, TO_DATE('2025-03-31', 'YYYY-MM-DD'));
INSERT INTO ThongTinDanhGia (ma_san_pham, ma_tai_khoan, ma_don_hang, noi_dung, danh_gia, ngay_danh_gia) VALUES ('PRD087', 127, 'DH202500269', 'Giao nhanh, đúng mô tả', 3, TO_DATE('2025-08-08', 'YYYY-MM-DD'));
INSERT INTO ThongTinDanhGia (ma_san_pham, ma_tai_khoan, ma_don_hang, noi_dung, danh_gia, ngay_danh_gia) VALUES ('PRD148', 127, 'DH202500269', 'Không như hình', 3, TO_DATE('2025-08-02', 'YYYY-MM-DD'));
INSERT INTO ThongTinDanhGia (ma_san_pham, ma_tai_khoan, ma_don_hang, noi_dung, danh_gia, ngay_danh_gia) VALUES ('PRD123', 107, 'DH202500270', 'Không như hình', 5, TO_DATE('2026-01-07', 'YYYY-MM-DD'));
INSERT INTO ThongTinDanhGia (ma_san_pham, ma_tai_khoan, ma_don_hang, noi_dung, danh_gia, ngay_danh_gia) VALUES ('PRD005', 139, 'DH202500279', 'Giao nhanh, đúng mô tả', 3, TO_DATE('2025-01-30', 'YYYY-MM-DD'));
INSERT INTO ThongTinDanhGia (ma_san_pham, ma_tai_khoan, ma_don_hang, noi_dung, danh_gia, ngay_danh_gia) VALUES ('PRD138', 139, 'DH202500279', 'Giao nhanh, đúng mô tả', 3, TO_DATE('2025-01-28', 'YYYY-MM-DD'));
INSERT INTO ThongTinDanhGia (ma_san_pham, ma_tai_khoan, ma_don_hang, noi_dung, danh_gia, ngay_danh_gia) VALUES ('PRD076', 140, 'DH202500280', 'Giao nhanh, đúng mô tả', 3, TO_DATE('2025-05-02', 'YYYY-MM-DD'));
INSERT INTO ThongTinDanhGia (ma_san_pham, ma_tai_khoan, ma_don_hang, noi_dung, danh_gia, ngay_danh_gia) VALUES ('PRD063', 140, 'DH202500280', 'Không như hình', 4, TO_DATE('2025-04-25', 'YYYY-MM-DD'));
INSERT INTO ThongTinDanhGia (ma_san_pham, ma_tai_khoan, ma_don_hang, noi_dung, danh_gia, ngay_danh_gia) VALUES ('PRD097', 140, 'DH202500280', 'Hài lòng', 3, TO_DATE('2025-04-28', 'YYYY-MM-DD'));
INSERT INTO ThongTinDanhGia (ma_san_pham, ma_tai_khoan, ma_don_hang, noi_dung, danh_gia, ngay_danh_gia) VALUES ('PRD119', 77, 'DH202500282', 'Hài lòng', 4, TO_DATE('2025-01-22', 'YYYY-MM-DD'));
INSERT INTO ThongTinDanhGia (ma_san_pham, ma_tai_khoan, ma_don_hang, noi_dung, danh_gia, ngay_danh_gia) VALUES ('PRD092', 77, 'DH202500282', 'Hài lòng', 5, TO_DATE('2025-01-23', 'YYYY-MM-DD'));
INSERT INTO ThongTinDanhGia (ma_san_pham, ma_tai_khoan, ma_don_hang, noi_dung, danh_gia, ngay_danh_gia) VALUES ('PRD134', 83, 'DH202500296', 'Chất lượng kém, cần nâng cấp', 3, TO_DATE('2025-05-15', 'YYYY-MM-DD'));
INSERT INTO ThongTinDanhGia (ma_san_pham, ma_tai_khoan, ma_don_hang, noi_dung, danh_gia, ngay_danh_gia) VALUES ('PRD019', 69, 'DH202500298', 'Sẽ ủng hộ tiếp', 5, TO_DATE('2025-11-21', 'YYYY-MM-DD'));

select * from ThongTinDanhGia
-- select count(*) from ThongTinDanhGia